Kategorie,BestellungID,Bestelldatum,Umsatz
Milchprodukte,1,2016-07-06,"168,00"
Getreideprodukte,1,2016-07-06,"98,00"
Milchprodukte,1,2016-07-06,"121,50"
Naturprodukte,2,2016-07-06,"167,40"
Naturprodukte,2,2016-07-06,"1696,00"
Meeresfrüchte,3,2016-07-08,"77,00"
Naturprodukte,3,2016-07-08,"1484,00"
Gewürze,3,2016-07-08,"252,00"
Getreideprodukte,4,2016-07-08,"100,80"
Getreideprodukte,4,2016-07-08,"234,00"
Gewürze,4,2016-07-08,"336,00"
Süßwaren,5,2016-07-09,"2592,00"
Milchprodukte,5,2016-07-09,"50,00"
Milchprodukte,5,2016-07-09,"1088,00"
Milchprodukte,6,2016-07-10,"200,00"
Getränke,6,2016-07-10,"604,80"
Süßwaren,6,2016-07-10,"640,00"
Getränke,7,2016-07-14,"54,00"
Fleischprodukte,7,2016-07-14,"403,20"
Naturprodukte,7,2016-07-14,"168,00"
Getränke,8,2016-07-14,"304,00"
Süßwaren,8,2016-07-14,"486,50"
Meeresfrüchte,8,2016-07-14,"380,00"
Milchprodukte,8,2016-07-14,"1320,00"
Fleischprodukte,9,2016-07-15,"393,00"
Gewürze,9,2016-07-15,"124,80"
Süßwaren,10,2016-07-16,"877,50"
Getränke,10,2016-07-16,"86,40"
Gewürze,10,2016-07-16,"156,00"
Getränke,11,2016-07-17,"760,00"
Gewürze,11,2016-07-17,"1105,00"
Milchprodukte,11,2016-07-17,"153,60"
Süßwaren,12,2016-07-20,"80,00"
Meeresfrüchte,12,2016-07-20,"20,80"
Meeresfrüchte,13,2016-07-20,"123,20"
Getreideprodukte,13,2016-07-20,"780,00"
Süßwaren,13,2016-07-20,"591,00"
Getränke,13,2016-07-20,"252,00"
Süßwaren,14,2016-07-20,"160,00"
Getränke,14,2016-07-20,"288,00"
Gewürze,15,2016-07-22,"204,00"
Naturprodukte,15,2016-07-22,"360,00"
Getreideprodukte,15,2016-07-22,"60,80"
Süßwaren,16,2016-07-23,"834,00"
Getränke,16,2016-07-23,"100,80"
Meeresfrüchte,16,2016-07-23,"1242,00"
Naturprodukte,16,2016-07-23,"288,00"
Getränke,17,2016-07-24,"532,00"
Meeresfrüchte,17,2016-07-24,"192,50"
Fleischprodukte,18,2016-07-24,"936,00"
Getränke,18,2016-07-24,"240,00"
Milchprodukte,19,2016-07-27,"364,80"
Meeresfrüchte,20,2016-07-29,"735,00"
Milchprodukte,20,2016-07-29,"3080,00"
Getränke,20,2016-07-29,"216,00"
Fleischprodukte,21,2016-07-30,"990,00"
Milchprodukte,21,2016-07-30,"111,20"
Milchprodukte,22,2016-07-31,"120,00"
Milchprodukte,22,2016-07-31,"556,00"
Meeresfrüchte,23,2016-08-01,"456,00"
Getränke,23,2016-08-01,"920,00"
Milchprodukte,24,2016-08-01,"48,00"
Süßwaren,25,2016-08-03,"388,80"
Milchprodukte,25,2016-08-03,"400,00"
Milchprodukte,25,2016-08-03,"667,20"
Meeresfrüchte,26,2016-08-05,"595,20"
Milchprodukte,26,2016-08-05,"150,00"
Milchprodukte,26,2016-08-05,"40,00"
Meeresfrüchte,26,2016-08-05,"882,00"
Getränke,26,2016-08-05,"475,20"
Milchprodukte,27,2016-08-06,"344,00"
Milchprodukte,27,2016-08-06,"194,60"
Getränke,28,2016-08-07,"43,20"
Milchprodukte,28,2016-08-07,"264,00"
Meeresfrüchte,29,2016-08-08,"372,00"
Meeresfrüchte,29,2016-08-08,"48,00"
Naturprodukte,30,2016-08-10,"728,00"
Süßwaren,30,2016-08-10,"472,80"
Gewürze,31,2016-08-12,"248,00"
Milchprodukte,31,2016-08-12,"660,00"
Gewürze,31,2016-08-12,"280,80"
Meeresfrüchte,31,2016-08-12,"300,00"
Fleischprodukte,32,2016-08-13,"468,00"
Getränke,33,2016-08-14,"43,20"
Fleischprodukte,33,2016-08-14,"384,00"
Getränke,33,2016-08-14,"186,00"
Süßwaren,34,2016-08-14,"7,30"
Getränke,34,2016-08-14,"21,60"
Getränke,34,2016-08-14,"57,60"
Meeresfrüchte,35,2016-08-15,"124,20"
Getreideprodukte,35,2016-08-15,"31,20"
Gewürze,36,2016-08-17,"248,00"
Süßwaren,36,2016-08-17,"131,40"
Milchprodukte,36,2016-08-17,"952,00"
Milchprodukte,36,2016-08-17,"83,40"
Süßwaren,37,2016-08-19,"526,50"
Gewürze,37,2016-08-19,"325,50"
Milchprodukte,37,2016-08-19,"544,00"
Getränke,37,2016-08-19,"56,00"
Getränke,38,2016-08-20,"648,00"
Meeresfrüchte,38,2016-08-20,"588,00"
Fleischprodukte,38,2016-08-20,"943,20"
Getränke,39,2016-08-21,"1440,00"
Süßwaren,39,2016-08-21,"1576,00"
Süßwaren,40,2016-08-22,"556,00"
Getränke,40,2016-08-22,"224,00"
Meeresfrüchte,40,2016-08-22,"144,00"
Fleischprodukte,41,2016-08-24,"59,00"
Süßwaren,41,2016-08-24,"30,00"
Gewürze,42,2016-08-26,"240,00"
Getreideprodukte,42,2016-08-26,"239,40"
Gewürze,43,2016-08-27,"340,00"
Fleischprodukte,43,2016-08-27,"1485,00"
Süßwaren,43,2016-08-27,"240,00"
Gewürze,43,2016-08-27,"104,00"
Meeresfrüchte,44,2016-08-27,"96,00"
Gewürze,44,2016-08-27,"372,00"
Naturprodukte,44,2016-08-27,"84,80"
Süßwaren,45,2016-08-28,"1296,00"
Meeresfrüchte,46,2016-08-29,"600,00"
Getränke,46,2016-08-29,"36,00"
Gewürze,46,2016-08-29,"175,50"
Getränke,46,2016-08-29,"37,20"
Getränke,47,2016-08-29,"259,20"
Fleischprodukte,47,2016-08-29,"468,00"
Getränke,47,2016-08-29,"552,00"
Milchprodukte,47,2016-08-29,"571,20"
Getränke,47,2016-08-29,"37,20"
Getreideprodukte,48,2016-09-02,"121,60"
Milchprodukte,49,2016-09-03,"201,60"
Süßwaren,49,2016-09-03,"417,00"
Milchprodukte,49,2016-09-03,"432,00"
Getränke,50,2016-09-04,"864,00"
Milchprodukte,50,2016-09-04,"556,00"
Getränke,51,2016-09-05,"608,00"
Meeresfrüchte,51,2016-09-05,"608,00"
Milchprodukte,51,2016-09-05,"1320,00"
Süßwaren,51,2016-09-05,"591,00"
Süßwaren,52,2016-09-07,"109,50"
Getränke,52,2016-09-07,"240,00"
Gewürze,53,2016-09-09,"408,00"
Süßwaren,53,2016-09-09,"200,00"
Meeresfrüchte,54,2016-09-09,"147,00"
Getreideprodukte,54,2016-09-09,"608,00"
Fleischprodukte,55,2016-09-10,"1248,00"
Naturprodukte,55,2016-09-10,"1019,20"
Getränke,55,2016-09-10,"441,60"
Meeresfrüchte,56,2016-09-11,"588,00"
Gewürze,56,2016-09-11,"504,00"
Süßwaren,56,2016-09-11,"150,00"
Süßwaren,57,2016-09-12,"480,00"
Milchprodukte,57,2016-09-12,"440,00"
Milchprodukte,57,2016-09-12,"34,40"
Meeresfrüchte,58,2016-09-14,"1250,00"
Fleischprodukte,58,2016-09-14,"2475,00"
Getränke,58,2016-09-14,"432,00"
Meeresfrüchte,59,2016-09-16,"207,00"
Fleischprodukte,59,2016-09-16,"262,00"
Fleischprodukte,59,2016-09-16,"29,50"
Süßwaren,60,2016-09-17,"394,00"
Süßwaren,60,2016-09-17,"30,00"
Milchprodukte,61,2016-09-18,"28,80"
Getränke,61,2016-09-18,"60,00"
Gewürze,62,2016-09-19,"352,00"
Gewürze,62,2016-09-19,"600,00"
Getreideprodukte,62,2016-09-19,"22,40"
Getränke,62,2016-09-19,"736,00"
Milchprodukte,62,2016-09-19,"51,60"
Süßwaren,63,2016-09-21,"139,00"
Süßwaren,63,2016-09-21,"197,00"
Getreideprodukte,64,2016-09-21,"67,20"
Milchprodukte,64,2016-09-21,"201,60"
Naturprodukte,65,2016-09-23,"145,60"
Getränke,65,2016-09-23,"883,20"
Fleischprodukte,65,2016-09-23,"524,00"
Getränke,65,2016-09-23,"62,00"
Meeresfrüchte,66,2016-09-24,"182,40"
Milchprodukte,67,2016-09-25,"1024,00"
Meeresfrüchte,67,2016-09-25,"318,00"
Süßwaren,67,2016-09-25,"985,00"
Getränke,68,2016-09-26,"156,80"
Getränke,68,2016-09-26,"360,00"
Meeresfrüchte,69,2016-09-28,"77,00"
Süßwaren,69,2016-09-28,"2758,00"
Getränke,70,2016-09-30,"288,00"
Meeresfrüchte,71,2016-10-01,"154,00"
Getränke,71,2016-10-01,"86,40"
Fleischprodukte,72,2016-10-02,"249,60"
Naturprodukte,72,2016-10-02,"509,60"
Getränke,72,2016-10-02,"432,00"
Milchprodukte,73,2016-10-03,"516,00"
Getränke,74,2016-10-03,"144,00"
Getreideprodukte,75,2016-10-05,"112,00"
Gewürze,76,2016-10-07,"62,00"
Süßwaren,76,2016-10-07,"44,80"
Getränke,76,2016-10-07,"57,60"
Süßwaren,77,2016-10-08,"291,90"
Getränke,77,2016-10-08,"1008,00"
Meeresfrüchte,77,2016-10-08,"288,00"
Milchprodukte,77,2016-10-08,"1760,00"
Gewürze,77,2016-10-08,"2808,00"
Gewürze,78,2016-10-09,"120,00"
Meeresfrüchte,78,2016-10-09,"57,60"
Naturprodukte,78,2016-10-09,"167,40"
Milchprodukte,78,2016-10-09,"40,00"
Milchprodukte,78,2016-10-09,"1112,00"
Gewürze,79,2016-10-10,"422,40"
Getreideprodukte,79,2016-10-10,"249,60"
Getränke,79,2016-10-10,"310,00"
Getränke,80,2016-10-12,"380,00"
Milchprodukte,80,2016-10-12,"840,00"
Meeresfrüchte,80,2016-10-12,"724,50"
Meeresfrüchte,80,2016-10-12,"318,00"
Milchprodukte,81,2016-10-14,"396,00"
Gewürze,81,2016-10-14,"672,00"
Süßwaren,81,2016-10-14,"100,00"
Süßwaren,82,2016-10-15,"73,00"
Meeresfrüchte,82,2016-10-15,"165,60"
Getränke,82,2016-10-15,"4216,00"
Getreideprodukte,82,2016-10-15,"364,80"
Süßwaren,83,2016-10-16,"1245,00"
Milchprodukte,83,2016-10-16,"695,00"
Fleischprodukte,84,2016-10-16,"88,50"
Meeresfrüchte,85,2016-10-17,"2000,00"
Getreideprodukte,85,2016-10-17,"112,00"
Süßwaren,85,2016-10-17,"121,60"
Naturprodukte,86,2016-10-19,"186,00"
Süßwaren,86,2016-10-19,"80,00"
Milchprodukte,86,2016-10-19,"688,00"
Getreideprodukte,87,2016-10-21,"44,80"
Süßwaren,87,2016-10-21,"100,00"
Getränke,88,2016-10-22,"106,40"
Milchprodukte,88,2016-10-22,"250,00"
Milchprodukte,88,2016-10-22,"153,60"
Naturprodukte,88,2016-10-22,"2035,20"
Gewürze,89,2016-10-23,"316,80"
Getreideprodukte,90,2016-10-24,"288,00"
Süßwaren,90,2016-10-24,"597,60"
Meeresfrüchte,90,2016-10-24,"304,00"
Meeresfrüchte,90,2016-10-24,"582,40"
Milchprodukte,90,2016-10-24,"695,00"
Fleischprodukte,91,2016-10-26,"624,00"
Meeresfrüchte,91,2016-10-26,"310,50"
Gewürze,92,2016-10-28,"176,00"
Fleischprodukte,92,2016-10-28,"2184,00"
Süßwaren,92,2016-10-28,"1103,20"
Meeresfrüchte,93,2016-10-29,"1000,00"
Meeresfrüchte,93,2016-10-29,"92,40"
Getränke,93,2016-10-29,"1472,00"
Milchprodukte,94,2016-10-29,"16,00"
Milchprodukte,94,2016-10-29,"396,00"
Getränke,95,2016-10-30,"364,80"
Milchprodukte,95,2016-10-30,"560,00"
Meeresfrüchte,95,2016-10-30,"608,00"
Fleischprodukte,95,2016-10-30,"768,00"
Getreideprodukte,96,2016-10-31,"1330,00"
Süßwaren,96,2016-10-31,"40,00"
Getränke,96,2016-10-31,"216,00"
Gewürze,97,2016-11-02,"616,00"
Gewürze,97,2016-11-02,"2240,00"
Gewürze,98,2016-11-04,"2240,00"
Süßwaren,98,2016-11-04,"584,00"
Getreideprodukte,98,2016-11-04,"100,80"
Fleischprodukte,99,2016-11-05,"1123,20"
Getreideprodukte,99,2016-11-05,"608,00"
Süßwaren,100,2016-11-06,"112,00"
Getränke,100,2016-11-06,"720,00"
Meeresfrüchte,100,2016-11-06,"58,80"
Getränke,100,2016-11-06,"37,20"
Getränke,101,2016-11-07,"216,00"
Getreideprodukte,101,2016-11-07,"180,00"
Fleischprodukte,102,2016-11-07,"141,60"
Süßwaren,103,2016-11-11,"195,00"
Milchprodukte,103,2016-11-11,"518,40"
Getränke,104,2016-11-11,"4216,00"
Meeresfrüchte,104,2016-11-11,"100,10"
Gewürze,104,2016-11-11,"1193,50"
Gewürze,104,2016-11-11,"168,00"
Getränke,105,2016-11-12,"36,00"
Fleischprodukte,105,2016-11-12,"118,00"
Milchprodukte,106,2016-11-13,"201,60"
Getränke,106,2016-11-13,"10540,00"
Getränke,107,2016-11-14,"172,80"
Fleischprodukte,107,2016-11-14,"396,00"
Getränke,108,2016-11-14,"90,00"
Getreideprodukte,108,2016-11-14,"390,00"
Milchprodukte,109,2016-11-18,"300,00"
Fleischprodukte,109,2016-11-18,"230,40"
Milchprodukte,109,2016-11-18,"576,00"
Meeresfrüchte,110,2016-11-19,"744,00"
Süßwaren,110,2016-11-19,"398,40"
Milchprodukte,110,2016-11-19,"217,60"
Getränke,111,2016-11-20,"36,00"
Getränke,111,2016-11-20,"112,00"
Meeresfrüchte,111,2016-11-20,"304,00"
Süßwaren,112,2016-11-21,"778,40"
Milchprodukte,112,2016-11-21,"700,00"
Milchprodukte,112,2016-11-21,"2176,00"
Naturprodukte,113,2016-11-23,"1092,00"
Fleischprodukte,113,2016-11-23,"3465,00"
Getränke,113,2016-11-23,"2108,00"
Süßwaren,113,2016-11-23,"560,00"
Fleischprodukte,113,2016-11-23,"165,20"
Getränke,114,2016-11-23,"777,60"
Milchprodukte,114,2016-11-23,"1496,00"
Süßwaren,115,2016-11-25,"560,00"
Naturprodukte,115,2016-11-25,"848,00"
Fleischprodukte,115,2016-11-25,"141,60"
Milchprodukte,116,2016-11-26,"200,00"
Getränke,116,2016-11-26,"74,40"
Getränke,116,2016-11-26,"172,80"
Milchprodukte,117,2016-11-26,"864,00"
Milchprodukte,117,2016-11-26,"86,00"
Milchprodukte,118,2016-11-27,"403,20"
Gewürze,119,2016-11-28,"84,00"
Gewürze,119,2016-11-28,"52,00"
Getränke,120,2016-11-28,"403,20"
Fleischprodukte,120,2016-11-28,"106,20"
Gewürze,120,2016-11-28,"252,00"
Gewürze,120,2016-11-28,"72,80"
Süßwaren,121,2016-11-28,"40,00"
Naturprodukte,121,2016-11-28,"473,20"
Getreideprodukte,121,2016-11-28,"390,00"
Getreideprodukte,121,2016-11-28,"931,00"
Fleischprodukte,122,2016-12-02,"1980,00"
Getreideprodukte,122,2016-12-02,"547,20"
Getränke,123,2016-12-03,"216,00"
Getreideprodukte,123,2016-12-03,"798,00"
Naturprodukte,123,2016-12-03,"160,00"
Meeresfrüchte,124,2016-12-03,"91,20"
Süßwaren,125,2016-12-04,"777,60"
Getränke,125,2016-12-04,"8432,00"
Milchprodukte,125,2016-12-04,"1904,00"
Milchprodukte,125,2016-12-04,"1167,60"
Meeresfrüchte,126,2016-12-05,"848,00"
Milchprodukte,126,2016-12-05,"860,00"
Milchprodukte,127,2016-12-05,"300,00"
Meeresfrüchte,127,2016-12-05,"159,00"
Naturprodukte,128,2016-12-05,"279,00"
Fleischprodukte,128,2016-12-05,"59,00"
Milchprodukte,129,2016-12-09,"420,00"
Naturprodukte,130,2016-12-09,"728,00"
Getränke,130,2016-12-09,"288,00"
Milchprodukte,131,2016-12-10,"103,20"
Meeresfrüchte,132,2016-12-11,"61,60"
Gewürze,132,2016-12-11,"561,60"
Gewürze,132,2016-12-11,"336,00"
Meeresfrüchte,133,2016-12-12,"372,60"
Fleischprodukte,133,2016-12-12,"524,00"
Milchprodukte,133,2016-12-12,"163,20"
Getränke,133,2016-12-12,"360,00"
Naturprodukte,134,2016-12-12,"112,00"
Gewürze,135,2016-12-14,"544,00"
Meeresfrüchte,135,2016-12-14,"450,00"
Fleischprodukte,135,2016-12-14,"1386,00"
Milchprodukte,135,2016-12-14,"120,00"
Naturprodukte,135,2016-12-14,"400,00"
Meeresfrüchte,136,2016-12-16,"96,00"
Süßwaren,136,2016-12-16,"195,00"
Getreideprodukte,136,2016-12-16,"608,00"
Süßwaren,137,2016-12-16,"1814,40"
Milchprodukte,137,2016-12-16,"408,00"
Naturprodukte,138,2016-12-17,"240,00"
Milchprodukte,138,2016-12-17,"544,00"
Süßwaren,138,2016-12-17,"80,00"
Getränke,139,2016-12-18,"54,00"
Getränke,139,2016-12-18,"112,00"
Getränke,140,2016-12-18,"54,00"
Naturprodukte,140,2016-12-18,"218,40"
Milchprodukte,140,2016-12-18,"528,00"
Milchprodukte,140,2016-12-18,"258,00"
Meeresfrüchte,141,2016-12-19,"114,00"
Getreideprodukte,141,2016-12-19,"112,00"
Fleischprodukte,141,2016-12-19,"1048,00"
Meeresfrüchte,142,2016-12-21,"396,80"
Fleischprodukte,142,2016-12-21,"288,00"
Süßwaren,142,2016-12-21,"788,00"
Getränke,142,2016-12-21,"360,00"
Milchprodukte,143,2016-12-23,"600,00"
Getränke,143,2016-12-23,"576,00"
Meeresfrüchte,143,2016-12-23,"432,00"
Milchprodukte,143,2016-12-23,"667,20"
Meeresfrüchte,144,2016-12-23,"86,40"
Milchprodukte,145,2016-12-24,"1440,00"
Getränke,146,2016-12-25,"380,00"
Naturprodukte,146,2016-12-25,"781,20"
Süßwaren,146,2016-12-25,"78,40"
Süßwaren,146,2016-12-25,"1743,00"
Milchprodukte,146,2016-12-25,"320,00"
Meeresfrüchte,147,2016-12-25,"48,00"
Süßwaren,147,2016-12-25,"394,00"
Meeresfrüchte,148,2016-12-26,"268,80"
Fleischprodukte,148,2016-12-26,"1834,00"
Milchprodukte,148,2016-12-26,"230,40"
Getreideprodukte,149,2016-12-28,"288,00"
Milchprodukte,149,2016-12-28,"1032,00"
Milchprodukte,149,2016-12-28,"583,80"
Süßwaren,150,2016-12-28,"80,00"
Naturprodukte,150,2016-12-28,"763,20"
Getränke,151,2016-12-30,"432,00"
Fleischprodukte,151,2016-12-30,"2304,00"
Süßwaren,152,2016-12-31,"600,00"
Milchprodukte,152,2016-12-31,"516,00"
Getränke,152,2016-12-31,"504,00"
Gewürze,152,2016-12-31,"145,60"
Fleischprodukte,153,2017-01-01,"2079,00"
Getränke,153,2017-01-01,"504,00"
Süßwaren,153,2017-01-01,"480,00"
Meeresfrüchte,154,2017-01-01,"372,60"
Getreideprodukte,154,2017-01-01,"2128,00"
Gewürze,154,2017-01-01,"336,00"
Milchprodukte,154,2017-01-01,"1032,00"
Getreideprodukte,155,2017-01-02,"432,00"
Gewürze,155,2017-01-02,"2281,50"
Süßwaren,156,2017-01-04,"291,90"
Süßwaren,156,2017-01-04,"714,00"
Süßwaren,157,2017-01-04,"747,00"
Getreideprodukte,157,2017-01-04,"448,00"
Süßwaren,157,2017-01-04,"480,00"
Gewürze,158,2017-01-06,"400,00"
Getränke,159,2017-01-07,"144,00"
Süßwaren,159,2017-01-07,"240,00"
Naturprodukte,159,2017-01-07,"1528,80"
Meeresfrüchte,159,2017-01-07,"76,00"
Meeresfrüchte,159,2017-01-07,"29,40"
Milchprodukte,160,2017-01-07,"504,00"
Milchprodukte,160,2017-01-07,"432,00"
Milchprodukte,160,2017-01-07,"258,00"
Meeresfrüchte,161,2017-01-08,"208,00"
Fleischprodukte,161,2017-01-08,"35,40"
Süßwaren,161,2017-01-08,"1379,00"
Naturprodukte,162,2017-01-09,"223,20"
Süßwaren,162,2017-01-09,"96,00"
Milchprodukte,163,2017-01-11,"98,00"
Milchprodukte,163,2017-01-11,"704,00"
Meeresfrüchte,164,2017-01-11,"192,50"
Gewürze,164,2017-01-11,"620,00"
Milchprodukte,164,2017-01-11,"396,00"
Naturprodukte,165,2017-01-13,"372,00"
Getränke,166,2017-01-14,"345,60"
Süßwaren,166,2017-01-14,"1576,00"
Getränke,166,2017-01-14,"201,60"
Süßwaren,167,2017-01-14,"131,40"
Milchprodukte,167,2017-01-14,"100,00"
Fleischprodukte,168,2017-01-15,"62,40"
Milchprodukte,168,2017-01-15,"40,00"
Süßwaren,169,2017-01-16,"146,00"
Fleischprodukte,169,2017-01-16,"262,00"
Getreideprodukte,169,2017-01-16,"312,00"
Getränke,170,2017-01-16,"10540,00"
Meeresfrüchte,170,2017-01-16,"19,20"
Süßwaren,170,2017-01-16,"360,00"
Gewürze,170,2017-01-16,"364,00"
Getränke,171,2017-01-18,"912,00"
Süßwaren,171,2017-01-18,"418,00"
Gewürze,171,2017-01-18,"364,80"
Naturprodukte,171,2017-01-18,"120,00"
Milchprodukte,172,2017-01-20,"1632,00"
Milchprodukte,172,2017-01-20,"576,00"
Fleischprodukte,173,2017-01-21,"1552,00"
Meeresfrüchte,173,2017-01-21,"9,60"
Getränke,173,2017-01-21,"96,00"
Meeresfrüchte,173,2017-01-21,"240,00"
Süßwaren,174,2017-01-21,"29,20"
Süßwaren,174,2017-01-21,"747,00"
Fleischprodukte,174,2017-01-21,"393,00"
Gewürze,174,2017-01-21,"104,00"
Süßwaren,175,2017-01-22,"49,80"
Milchprodukte,176,2017-01-23,"140,00"
Milchprodukte,176,2017-01-23,"880,00"
Getränke,177,2017-01-23,"864,00"
Getränke,177,2017-01-23,"10329,20"
Süßwaren,177,2017-01-23,"300,00"
Fleischprodukte,178,2017-01-25,"192,00"
Getränke,178,2017-01-25,"288,00"
Getreideprodukte,179,2017-01-27,"152,00"
Getreideprodukte,179,2017-01-27,"186,20"
Naturprodukte,180,2017-01-27,"651,00"
Meeresfrüchte,181,2017-01-28,"192,00"
Süßwaren,182,2017-01-29,"520,00"
Gewürze,182,2017-01-29,"1228,50"
Fleischprodukte,183,2017-01-30,"1404,00"
Süßwaren,183,2017-01-30,"400,00"
Getreideprodukte,183,2017-01-30,"912,00"
Milchprodukte,183,2017-01-30,"3080,00"
Fleischprodukte,184,2017-01-30,"1560,00"
Meeresfrüchte,184,2017-01-30,"735,00"
Süßwaren,184,2017-01-30,"228,00"
Süßwaren,185,2017-01-30,"249,00"
Fleischprodukte,185,2017-01-30,"236,00"
Getreideprodukte,186,2017-02-03,"851,20"
Milchprodukte,187,2017-02-03,"100,80"
Getränke,187,2017-02-03,"259,20"
Getränke,188,2017-02-04,"152,00"
Getreideprodukte,188,2017-02-04,"201,60"
Milchprodukte,188,2017-02-04,"278,00"
Meeresfrüchte,189,2017-02-05,"48,00"
Getreideprodukte,189,2017-02-05,"1216,00"
Getreideprodukte,189,2017-02-05,"798,00"
Getränke,189,2017-02-05,"148,80"
Fleischprodukte,190,2017-02-05,"393,00"
Süßwaren,191,2017-02-06,"109,50"
Getränke,191,2017-02-06,"224,00"
Getreideprodukte,191,2017-02-06,"234,00"
Milchprodukte,192,2017-02-08,"456,00"
Süßwaren,192,2017-02-08,"222,40"
Getreideprodukte,192,2017-02-08,"159,60"
Naturprodukte,192,2017-02-08,"240,00"
Getränke,193,2017-02-10,"684,00"
Süßwaren,193,2017-02-10,"681,10"
Fleischprodukte,193,2017-02-10,"2376,00"
Gewürze,193,2017-02-10,"2052,00"
Süßwaren,194,2017-02-10,"1755,00"
Milchprodukte,195,2017-02-11,"504,00"
Fleischprodukte,195,2017-02-11,"472,00"
Gewürze,195,2017-02-11,"816,00"
Milchprodukte,196,2017-02-12,"100,80"
Naturprodukte,196,2017-02-12,"436,80"
Fleischprodukte,197,2017-02-12,"312,00"
Süßwaren,197,2017-02-12,"373,50"
Getränke,197,2017-02-12,"115,20"
Meeresfrüchte,197,2017-02-12,"231,00"
Getränke,198,2017-02-13,"86,40"
Fleischprodukte,198,2017-02-13,"88,50"
Süßwaren,199,2017-02-15,"87,60"
Getränke,199,2017-02-15,"72,00"
Milchprodukte,199,2017-02-15,"30,00"
Getreideprodukte,199,2017-02-15,"84,00"
Süßwaren,200,2017-02-15,"292,00"
Gewürze,200,2017-02-15,"588,00"
Milchprodukte,200,2017-02-15,"34,40"
Süßwaren,201,2017-02-17,"149,40"
Meeresfrüchte,201,2017-02-17,"294,00"
Meeresfrüchte,202,2017-02-18,"347,20"
Getreideprodukte,202,2017-02-18,"112,00"
Süßwaren,202,2017-02-18,"1379,00"
Meeresfrüchte,203,2017-02-19,"496,00"
Fleischprodukte,203,2017-02-19,"35,40"
Fleischprodukte,204,2017-02-19,"2304,00"
Getreideprodukte,204,2017-02-19,"931,00"
Gewürze,204,2017-02-19,"470,40"
Gewürze,204,2017-02-19,"572,00"
Naturprodukte,205,2017-02-20,"546,00"
Gewürze,205,2017-02-20,"1550,00"
Süßwaren,206,2017-02-22,"153,00"
Getränke,206,2017-02-22,"300,00"
Süßwaren,207,2017-02-22,"278,00"
Milchprodukte,207,2017-02-22,"40,00"
Meeresfrüchte,207,2017-02-22,"96,00"
Getränke,208,2017-02-24,"288,00"
Fleischprodukte,208,2017-02-24,"1310,00"
Gewürze,208,2017-02-24,"570,00"
Milchprodukte,208,2017-02-24,"516,00"
Süßwaren,209,2017-02-25,"320,00"
Süßwaren,209,2017-02-25,"336,00"
Milchprodukte,210,2017-02-25,"1584,00"
Süßwaren,211,2017-02-26,"747,00"
Naturprodukte,211,2017-02-26,"1092,00"
Getränke,211,2017-02-26,"736,00"
Getreideprodukte,211,2017-02-26,"456,00"
Milchprodukte,211,2017-02-26,"860,00"
Naturprodukte,212,2017-02-27,"384,00"
Meeresfrüchte,212,2017-02-27,"192,00"
Milchprodukte,212,2017-02-27,"1112,00"
Süßwaren,213,2017-02-27,"210,00"
Getränke,213,2017-02-27,"24,80"
Süßwaren,214,2017-02-27,"320,00"
Meeresfrüchte,214,2017-02-27,"579,60"
Fleischprodukte,214,2017-02-27,"1152,00"
Meeresfrüchte,215,2017-03-03,"4,80"
Getreideprodukte,215,2017-03-03,"151,20"
Süßwaren,216,2017-03-04,"153,30"
Getreideprodukte,216,2017-03-04,"560,00"
Gewürze,217,2017-03-04,"281,60"
Getränke,217,2017-03-04,"110,40"
Getreideprodukte,217,2017-03-04,"912,00"
Milchprodukte,217,2017-03-04,"544,00"
Getränke,218,2017-03-05,"90,00"
Fleischprodukte,218,2017-03-05,"1782,00"
Meeresfrüchte,218,2017-03-05,"294,00"
Meeresfrüchte,218,2017-03-05,"228,00"
Süßwaren,218,2017-03-05,"325,00"
Milchprodukte,219,2017-03-06,"168,00"
Meeresfrüchte,219,2017-03-06,"48,00"
Getränke,220,2017-03-06,"100,80"
Süßwaren,220,2017-03-06,"134,40"
Meeresfrüchte,221,2017-03-08,"165,60"
Getränke,221,2017-03-08,"552,00"
Getränke,222,2017-03-10,"608,00"
Süßwaren,222,2017-03-10,"486,50"
Gewürze,222,2017-03-10,"31,00"
Meeresfrüchte,223,2017-03-11,"1500,00"
Getreideprodukte,223,2017-03-11,"108,00"
Getreideprodukte,223,2017-03-11,"212,80"
Naturprodukte,224,2017-03-11,"720,00"
Getreideprodukte,224,2017-03-11,"608,00"
Getränke,225,2017-03-12,"288,00"
Naturprodukte,225,2017-03-12,"763,20"
Milchprodukte,226,2017-03-13,"24,00"
Milchprodukte,226,2017-03-13,"206,40"
Naturprodukte,227,2017-03-13,"223,20"
Naturprodukte,227,2017-03-13,"655,20"
Meeresfrüchte,227,2017-03-13,"308,70"
Getränke,227,2017-03-13,"62,00"
Milchprodukte,228,2017-03-13,"350,00"
Gewürze,228,2017-03-13,"816,00"
Getränke,228,2017-03-13,"604,80"
Fleischprodukte,229,2017-03-17,"38,40"
Getränke,229,2017-03-17,"144,00"
Getränke,230,2017-03-17,"216,00"
Süßwaren,230,2017-03-17,"168,00"
Getränke,230,2017-03-17,"288,00"
Meeresfrüchte,231,2017-03-18,"496,00"
Getränke,232,2017-03-19,"6324,00"
Fleischprodukte,232,2017-03-19,"733,60"
Milchprodukte,232,2017-03-19,"2640,00"
Getreideprodukte,232,2017-03-19,"798,00"
Süßwaren,233,2017-03-20,"228,00"
Milchprodukte,233,2017-03-20,"528,00"
Süßwaren,234,2017-03-20,"384,00"
Milchprodukte,234,2017-03-20,"1088,00"
Meeresfrüchte,235,2017-03-22,"147,00"
Getränke,236,2017-03-24,"392,00"
Gewürze,236,2017-03-24,"312,00"
Süßwaren,237,2017-03-24,"112,00"
Meeresfrüchte,237,2017-03-24,"147,00"
Naturprodukte,237,2017-03-24,"127,20"
Getränke,238,2017-03-25,"304,00"
Gewürze,238,2017-03-25,"160,00"
Fleischprodukte,238,2017-03-25,"576,00"
Getränke,238,2017-03-25,"720,00"
Milchprodukte,239,2017-03-26,"84,00"
Naturprodukte,239,2017-03-26,"1060,00"
Naturprodukte,239,2017-03-26,"128,00"
Süßwaren,240,2017-03-26,"36,50"
Süßwaren,240,2017-03-26,"747,00"
Fleischprodukte,240,2017-03-26,"141,60"
Milchprodukte,241,2017-03-27,"1320,00"
Meeresfrüchte,241,2017-03-27,"240,00"
Milchprodukte,242,2017-03-29,"252,00"
Süßwaren,242,2017-03-29,"250,20"
Milchprodukte,243,2017-03-31,"2640,00"
Süßwaren,243,2017-03-31,"300,00"
Getränke,243,2017-03-31,"223,20"
Gewürze,244,2017-03-31,"232,50"
Gewürze,244,2017-03-31,"72,80"
Süßwaren,245,2017-04-01,"672,00"
Getreideprodukte,245,2017-04-01,"224,00"
Gewürze,246,2017-04-02,"252,00"
Gewürze,246,2017-04-02,"136,00"
Milchprodukte,246,2017-04-02,"288,00"
Getreideprodukte,247,2017-04-02,"912,00"
Getreideprodukte,248,2017-04-03,"72,00"
Meeresfrüchte,248,2017-04-03,"154,00"
Gewürze,248,2017-04-03,"52,00"
Milchprodukte,249,2017-04-05,"200,00"
Getreideprodukte,250,2017-04-05,"425,60"
Milchprodukte,250,2017-04-05,"695,00"
Gewürze,250,2017-04-05,"260,00"
Getränke,251,2017-04-07,"63,00"
Meeresfrüchte,251,2017-04-07,"92,00"
Getreideprodukte,251,2017-04-07,"420,00"
Naturprodukte,252,2017-04-08,"912,00"
Süßwaren,252,2017-04-08,"500,00"
Gewürze,253,2017-04-09,"186,00"
Naturprodukte,253,2017-04-09,"364,80"
Fleischprodukte,254,2017-04-09,"149,00"
Meeresfrüchte,255,2017-04-10,"199,50"
Fleischprodukte,255,2017-04-10,"196,80"
Getränke,255,2017-04-10,"420,00"
Naturprodukte,256,2017-04-12,"1627,50"
Gewürze,256,2017-04-12,"421,00"
Getränke,257,2017-04-12,"228,00"
Süßwaren,257,2017-04-12,"120,00"
Fleischprodukte,257,2017-04-12,"328,00"
Gewürze,257,2017-04-12,"712,50"
Süßwaren,258,2017-04-14,"147,90"
Süßwaren,259,2017-04-15,"252,00"
Getränke,259,2017-04-15,"210,00"
Getränke,260,2017-04-15,"690,00"
Süßwaren,260,2017-04-15,"191,25"
Meeresfrüchte,261,2017-04-16,"60,00"
Getränke,261,2017-04-16,"180,00"
Naturprodukte,262,2017-04-17,"136,80"
Fleischprodukte,263,2017-04-19,"4456,44"
Getränke,263,2017-04-19,"279,00"
Gewürze,264,2017-04-19,"1100,00"
Naturprodukte,264,2017-04-19,"1500,00"
Gewürze,264,2017-04-19,"400,00"
Getränke,265,2017-04-21,"45,00"
Meeresfrüchte,265,2017-04-21,"108,00"
Süßwaren,265,2017-04-21,"57,00"
Milchprodukte,265,2017-04-21,"408,00"
Süßwaren,266,2017-04-22,"400,00"
Milchprodukte,266,2017-04-22,"1600,00"
Gewürze,266,2017-04-22,"427,50"
Süßwaren,267,2017-04-22,"3159,00"
Naturprodukte,267,2017-04-22,"1596,00"
Getreideprodukte,267,2017-04-22,"2660,00"
Gewürze,267,2017-04-22,"820,95"
Getränke,267,2017-04-22,"387,50"
Fleischprodukte,268,2017-04-23,"1552,00"
Süßwaren,268,2017-04-23,"872,50"
Süßwaren,268,2017-04-23,"5268,00"
Milchprodukte,268,2017-04-23,"40,00"
Milchprodukte,268,2017-04-23,"2856,00"
Meeresfrüchte,269,2017-04-24,"1562,50"
Meeresfrüchte,269,2017-04-24,"772,00"
Getreideprodukte,269,2017-04-24,"280,00"
Getreideprodukte,270,2017-04-24,"42,00"
Milchprodukte,270,2017-04-24,"220,00"
Getränke,270,2017-04-24,"90,00"
Getränke,271,2017-04-27,"22,50"
Getränke,271,2017-04-27,"3952,50"
Gewürze,271,2017-04-27,"175,05"
Meeresfrüchte,272,2017-04-28,"496,00"
Getreideprodukte,272,2017-04-28,"1520,00"
Milchprodukte,272,2017-04-28,"340,00"
Getränke,273,2017-04-29,"36,00"
Fleischprodukte,273,2017-04-29,"164,00"
Getränke,274,2017-04-29,"54,00"
Meeresfrüchte,274,2017-04-29,"96,50"
Süßwaren,274,2017-04-29,"75,00"
Getränke,275,2017-04-30,"720,00"
Gewürze,275,2017-04-30,"960,00"
Meeresfrüchte,275,2017-04-30,"517,80"
Meeresfrüchte,275,2017-04-30,"460,00"
Fleischprodukte,276,2017-05-01,"975,00"
Süßwaren,276,2017-05-01,"1215,00"
Meeresfrüchte,276,2017-05-01,"468,00"
Meeresfrüchte,276,2017-05-01,"57,90"
Meeresfrüchte,277,2017-05-01,"62,00"
Meeresfrüchte,277,2017-05-01,"258,90"
Getränke,277,2017-05-01,"2760,00"
Fleischprodukte,277,2017-05-01,"111,75"
Meeresfrüchte,278,2017-05-03,"570,00"
Meeresfrüchte,278,2017-05-03,"276,00"
Getränke,279,2017-05-05,"144,00"
Meeresfrüchte,279,2017-05-05,"60,00"
Getreideprodukte,279,2017-05-05,"1140,00"
Gewürze,280,2017-05-05,"1100,00"
Meeresfrüchte,280,2017-05-05,"570,00"
Milchprodukte,281,2017-05-06,"63,00"
Milchprodukte,281,2017-05-06,"20,00"
Milchprodukte,281,2017-05-06,"313,20"
Fleischprodukte,282,2017-05-07,"336,00"
Süßwaren,282,2017-05-07,"250,00"
Milchprodukte,282,2017-05-07,"360,00"
Fleischprodukte,283,2017-05-08,"1560,00"
Getränke,283,2017-05-08,"1150,00"
Gewürze,283,2017-05-08,"570,00"
Getränke,283,2017-05-08,"900,00"
Milchprodukte,284,2017-05-08,"110,00"
Meeresfrüchte,285,2017-05-10,"388,35"
Gewürze,285,2017-05-10,"408,00"
Gewürze,286,2017-05-12,"1100,00"
Milchprodukte,286,2017-05-12,"835,20"
Meeresfrüchte,286,2017-05-12,"360,00"
Meeresfrüchte,287,2017-05-12,"258,90"
Meeresfrüchte,287,2017-05-12,"184,00"
Fleischprodukte,287,2017-05-12,"74,50"
Milchprodukte,288,2017-05-13,"1050,00"
Meeresfrüchte,288,2017-05-13,"184,00"
Getreideprodukte,288,2017-05-13,"97,50"
Milchprodukte,288,2017-05-13,"825,00"
Milchprodukte,289,2017-05-14,"570,00"
Milchprodukte,289,2017-05-14,"250,00"
Milchprodukte,289,2017-05-14,"75,00"
Milchprodukte,289,2017-05-14,"1190,00"
Milchprodukte,290,2017-05-14,"375,00"
Naturprodukte,290,2017-05-14,"318,00"
Meeresfrüchte,290,2017-05-14,"265,00"
Milchprodukte,290,2017-05-14,"730,80"
Meeresfrüchte,290,2017-05-14,"135,00"
Getränke,291,2017-05-15,"105,00"
Milchprodukte,291,2017-05-15,"34,80"
Meeresfrüchte,292,2017-05-17,"48,00"
Süßwaren,292,2017-05-17,"150,00"
Milchprodukte,292,2017-05-17,"37,50"
Süßwaren,292,2017-05-17,"120,00"
Gewürze,293,2017-05-19,"600,00"
Süßwaren,293,2017-05-19,"1249,20"
Getränke,293,2017-05-19,"7905,00"
Süßwaren,293,2017-05-19,"437,50"
Getränke,294,2017-05-19,"157,50"
Getränke,294,2017-05-19,"1054,00"
Gewürze,294,2017-05-19,"757,80"
Milchprodukte,294,2017-05-19,"193,50"
Milchprodukte,295,2017-05-20,"315,00"
Fleischprodukte,295,2017-05-20,"178,80"
Milchprodukte,296,2017-05-21,"1140,00"
Getreideprodukte,296,2017-05-21,"630,00"
Naturprodukte,297,2017-05-21,"319,20"
Getränke,297,2017-05-21,"98,00"
Milchprodukte,298,2017-05-22,"210,00"
Naturprodukte,299,2017-05-24,"300,00"
Getränke,299,2017-05-24,"540,00"
Süßwaren,299,2017-05-24,"1972,00"
Milchprodukte,300,2017-05-24,"768,00"
Meeresfrüchte,300,2017-05-24,"1140,00"
Getränke,301,2017-05-26,"140,00"
Meeresfrüchte,301,2017-05-26,"135,10"
Milchprodukte,302,2017-05-27,"687,50"
Meeresfrüchte,302,2017-05-27,"950,00"
Naturprodukte,302,2017-05-27,"2544,00"
Fleischprodukte,303,2017-05-28,"312,00"
Süßwaren,303,2017-05-28,"92,00"
Süßwaren,303,2017-05-28,"60,00"
Gewürze,303,2017-05-28,"285,00"
Süßwaren,304,2017-05-28,"698,00"
Getränke,304,2017-05-28,"360,00"
Gewürze,304,2017-05-28,"778,00"
Milchprodukte,305,2017-05-29,"648,00"
Getränke,305,2017-05-29,"232,50"
Milchprodukte,306,2017-05-29,"315,00"
Süßwaren,306,2017-05-29,"244,30"
Getreideprodukte,306,2017-05-29,"504,00"
Milchprodukte,306,2017-05-29,"375,00"
Getränke,306,2017-05-29,"108,00"
Süßwaren,307,2017-05-29,"523,50"
Getreideprodukte,307,2017-05-29,"180,00"
Süßwaren,307,2017-05-29,"986,00"
Gewürze,307,2017-05-29,"130,00"
Naturprodukte,308,2017-06-02,"697,50"
Süßwaren,308,2017-06-02,"322,00"
Getränke,308,2017-06-02,"81,00"
Naturprodukte,308,2017-06-02,"1060,00"
Getreideprodukte,308,2017-06-02,"1520,00"
Milchprodukte,309,2017-06-03,"835,20"
Getreideprodukte,310,2017-06-03,"997,50"
Getränke,310,2017-06-03,"155,00"
Süßwaren,311,2017-06-04,"237,50"
Naturprodukte,311,2017-06-04,"1060,00"
Getreideprodukte,311,2017-06-04,"210,00"
Fleischprodukte,311,2017-06-04,"590,40"
Meeresfrüchte,311,2017-06-04,"45,00"
Meeresfrüchte,312,2017-06-05,"115,80"
Fleischprodukte,312,2017-06-05,"432,00"
Meeresfrüchte,313,2017-06-07,"517,80"
Süßwaren,313,2017-06-07,"739,50"
Gewürze,314,2017-06-07,"194,50"
Naturprodukte,314,2017-06-07,"2650,00"
Milchprodukte,315,2017-06-09,"50,00"
Süßwaren,315,2017-06-09,"493,00"
Meeresfrüchte,316,2017-06-10,"475,00"
Getreideprodukte,316,2017-06-10,"490,00"
Fleischprodukte,317,2017-06-10,"624,00"
Milchprodukte,317,2017-06-10,"75,00"
Fleischprodukte,317,2017-06-10,"600,00"
Getränke,318,2017-06-11,"112,50"
Getreideprodukte,318,2017-06-11,"598,50"
Milchprodukte,319,2017-06-12,"735,00"
Meeresfrüchte,319,2017-06-12,"1125,00"
Getränke,319,2017-06-12,"180,00"
Milchprodukte,320,2017-06-12,"750,00"
Naturprodukte,320,2017-06-12,"159,00"
Milchprodukte,320,2017-06-12,"2200,00"
Meeresfrüchte,321,2017-06-14,"155,00"
Milchprodukte,322,2017-06-16,"437,50"
Getränke,322,2017-06-16,"540,00"
Milchprodukte,323,2017-06-17,"315,00"
Getreideprodukte,323,2017-06-17,"2280,00"
Naturprodukte,324,2017-06-17,"255,75"
Getreideprodukte,324,2017-06-17,"392,00"
Süßwaren,325,2017-06-18,"209,40"
Milchprodukte,325,2017-06-18,"320,00"
Meeresfrüchte,325,2017-06-18,"920,00"
Getränke,325,2017-06-18,"116,25"
Fleischprodukte,326,2017-06-19,"702,00"
Getränke,326,2017-06-19,"560,00"
Fleischprodukte,326,2017-06-19,"820,00"
Milchprodukte,327,2017-06-19,"35,00"
Meeresfrüchte,327,2017-06-19,"36,80"
Süßwaren,327,2017-06-19,"493,00"
Getreideprodukte,327,2017-06-19,"199,50"
Milchprodukte,328,2017-06-21,"660,00"
Gewürze,328,2017-06-21,"263,40"
Milchprodukte,328,2017-06-21,"1044,00"
Getränke,328,2017-06-21,"180,00"
Getränke,329,2017-06-23,"180,00"
Milchprodukte,329,2017-06-23,"250,00"
Gewürze,329,2017-06-23,"408,45"
Getränke,330,2017-06-23,"180,00"
Getränke,330,2017-06-23,"155,00"
Gewürze,330,2017-06-23,"234,00"
Getränke,331,2017-06-24,"360,00"
Getreideprodukte,331,2017-06-24,"117,00"
Gewürze,332,2017-06-25,"155,00"
Getränke,332,2017-06-25,"162,75"
Naturprodukte,333,2017-06-26,"348,75"
Meeresfrüchte,333,2017-06-26,"86,85"
Gewürze,333,2017-06-26,"631,50"
Getränke,334,2017-06-26,"387,50"
Getreideprodukte,335,2017-06-28,"78,00"
Getränke,335,2017-06-28,"252,00"
Fleischprodukte,336,2017-06-30,"1237,90"
Milchprodukte,336,2017-06-30,"816,00"
Milchprodukte,336,2017-06-30,"360,00"
Milchprodukte,337,2017-06-30,"625,00"
Süßwaren,338,2017-07-01,"142,50"
Getreideprodukte,339,2017-07-02,"28,00"
Süßwaren,340,2017-07-02,"187,38"
Getränke,340,2017-07-02,"360,00"
Gewürze,340,2017-07-02,"260,00"
Meeresfrüchte,341,2017-07-03,"2500,00"
Getreideprodukte,341,2017-07-03,"1400,00"
Getränke,342,2017-07-05,"72,00"
Getränke,343,2017-07-07,"360,00"
Gewürze,343,2017-07-07,"780,00"
Gewürze,344,2017-07-07,"140,00"
Naturprodukte,344,2017-07-07,"300,00"
Fleischprodukte,344,2017-07-07,"372,50"
Gewürze,345,2017-07-08,"387,50"
Süßwaren,345,2017-07-08,"156,15"
Süßwaren,346,2017-07-09,"1701,00"
Milchprodukte,346,2017-07-09,"720,00"
Getränke,346,2017-07-09,"72,00"
Getreideprodukte,347,2017-07-09,"168,00"
Meeresfrüchte,347,2017-07-09,"397,50"
Getränke,348,2017-07-10,"540,00"
Gewürze,348,2017-07-10,"3420,00"
Milchprodukte,348,2017-07-10,"2340,00"
Getreideprodukte,349,2017-07-12,"190,00"
Gewürze,349,2017-07-12,"1053,60"
Getränke,349,2017-07-12,"232,50"
Getränke,350,2017-07-12,"157,50"
Getreideprodukte,350,2017-07-12,"390,00"
Gewürze,350,2017-07-12,"252,60"
Süßwaren,351,2017-07-14,"2195,00"
Milchprodukte,351,2017-07-14,"193,50"
Süßwaren,352,2017-07-15,"493,00"
Fleischprodukte,353,2017-07-16,"29,80"
Meeresfrüchte,353,2017-07-16,"450,00"
Meeresfrüchte,354,2017-07-16,"360,00"
Milchprodukte,354,2017-07-16,"1925,00"
Gewürze,355,2017-07-17,"65,00"
Getreideprodukte,356,2017-07-19,"1008,00"
Süßwaren,356,2017-07-19,"500,00"
Süßwaren,357,2017-07-19,"76,50"
Getränke,357,2017-07-19,"180,00"
Süßwaren,358,2017-07-21,"523,50"
Milchprodukte,358,2017-07-21,"1100,00"
Milchprodukte,358,2017-07-21,"2380,00"
Milchprodukte,358,2017-07-21,"322,50"
Gewürze,359,2017-07-22,"440,00"
Fleischprodukte,359,2017-07-22,"480,00"
Süßwaren,359,2017-07-22,"493,00"
Naturprodukte,360,2017-07-22,"1350,00"
Fleischprodukte,360,2017-07-22,"3900,00"
Milchprodukte,360,2017-07-22,"35,00"
Meeresfrüchte,360,2017-07-22,"772,80"
Milchprodukte,360,2017-07-22,"417,60"
Getreideprodukte,361,2017-07-23,"1064,00"
Getränke,362,2017-07-24,"54,00"
Meeresfrüchte,362,2017-07-24,"310,00"
Süßwaren,362,2017-07-24,"60,00"
Meeresfrüchte,363,2017-07-26,"399,00"
Getränke,364,2017-07-26,"108,00"
Getränke,364,2017-07-26,"190,00"
Milchprodukte,364,2017-07-26,"510,00"
Meeresfrüchte,365,2017-07-28,"2170,00"
Meeresfrüchte,365,2017-07-28,"1045,00"
Süßwaren,365,2017-07-28,"360,00"
Milchprodukte,365,2017-07-28,"1360,00"
Getränke,365,2017-07-28,"1440,00"
Meeresfrüchte,366,2017-07-29,"48,00"
Getränke,366,2017-07-29,"310,00"
Milchprodukte,367,2017-07-29,"294,00"
Süßwaren,367,2017-07-29,"80,00"
Getränke,367,2017-07-29,"90,00"
Fleischprodukte,368,2017-07-30,"120,00"
Getränke,369,2017-07-31,"3952,50"
Getreideprodukte,369,2017-07-31,"532,00"
Getränke,369,2017-07-31,"225,00"
Milchprodukte,369,2017-07-31,"322,50"
Milchprodukte,370,2017-07-31,"1650,00"
Gewürze,371,2017-08-02,"1750,00"
Getreideprodukte,371,2017-08-02,"760,00"
Süßwaren,371,2017-08-02,"187,50"
Süßwaren,372,2017-08-04,"420,00"
Getreideprodukte,372,2017-08-04,"840,00"
Getränke,373,2017-08-05,"22,50"
Getreideprodukte,373,2017-08-05,"35,00"
Süßwaren,374,2017-08-05,"46,00"
Getreideprodukte,374,2017-08-05,"90,00"
Getränke,374,2017-08-05,"300,00"
Milchprodukte,374,2017-08-05,"322,50"
Getränke,375,2017-08-06,"380,00"
Süßwaren,375,2017-08-06,"225,00"
Naturprodukte,376,2017-08-07,"488,25"
Süßwaren,376,2017-08-07,"138,00"
Süßwaren,376,2017-08-07,"250,00"
Getränke,376,2017-08-07,"13,50"
Getränke,376,2017-08-07,"540,00"
Naturprodukte,377,2017-08-07,"456,00"
Fleischprodukte,377,2017-08-07,"742,74"
Gewürze,377,2017-08-07,"194,50"
Naturprodukte,378,2017-08-09,"69,75"
Getreideprodukte,378,2017-08-09,"70,00"
Milchprodukte,378,2017-08-09,"340,00"
Fleischprodukte,379,2017-08-11,"393,60"
Milchprodukte,379,2017-08-11,"680,00"
Milchprodukte,379,2017-08-11,"430,00"
Süßwaren,380,2017-08-11,"739,50"
Meeresfrüchte,380,2017-08-11,"525,00"
Getränke,381,2017-08-12,"450,00"
Fleischprodukte,382,2017-08-12,"2475,80"
Getreideprodukte,382,2017-08-12,"299,25"
Fleischprodukte,383,2017-08-13,"288,00"
Getränke,383,2017-08-13,"630,00"
Getränke,384,2017-08-14,"62,00"
Getränke,385,2017-08-14,"570,00"
Milchprodukte,385,2017-08-14,"50,00"
Milchprodukte,386,2017-08-16,"1368,00"
Meeresfrüchte,386,2017-08-16,"78,00"
Süßwaren,386,2017-08-16,"1093,05"
Süßwaren,386,2017-08-16,"3944,00"
Naturprodukte,387,2017-08-16,"1050,00"
Meeresfrüchte,387,2017-08-16,"3125,00"
Naturprodukte,387,2017-08-16,"795,00"
Getränke,387,2017-08-16,"15,50"
Gewürze,388,2017-08-18,"220,00"
Gewürze,388,2017-08-18,"320,25"
Getreideprodukte,388,2017-08-18,"840,00"
Gewürze,389,2017-08-19,"550,00"
Meeresfrüchte,389,2017-08-19,"79,50"
Milchprodukte,390,2017-08-19,"210,00"
Süßwaren,390,2017-08-19,"406,25"
Getreideprodukte,390,2017-08-19,"2280,00"
Meeresfrüchte,391,2017-08-20,"190,00"
Gewürze,391,2017-08-20,"442,05"
Milchprodukte,391,2017-08-20,"2088,00"
Meeresfrüchte,392,2017-08-20,"500,00"
Milchprodukte,393,2017-08-21,"720,00"
Getränke,393,2017-08-21,"225,00"
Getränke,394,2017-08-23,"950,00"
Meeresfrüchte,394,2017-08-23,"1104,00"
Süßwaren,395,2017-08-23,"300,00"
Gewürze,395,2017-08-23,"570,00"
Naturprodukte,396,2017-08-25,"684,00"
Getränke,396,2017-08-25,"378,00"
Meeresfrüchte,396,2017-08-25,"24,00"
Meeresfrüchte,397,2017-08-25,"250,00"
Getränke,397,2017-08-25,"920,00"
Meeresfrüchte,397,2017-08-25,"252,00"
Meeresfrüchte,398,2017-08-26,"1250,00"
Meeresfrüchte,398,2017-08-26,"285,00"
Getränke,399,2017-08-27,"270,00"
Meeresfrüchte,399,2017-08-27,"558,00"
Milchprodukte,399,2017-08-27,"645,00"
Gewürze,399,2017-08-27,"455,00"
Süßwaren,400,2017-08-27,"276,00"
Getränke,400,2017-08-27,"360,00"
Getreideprodukte,401,2017-08-28,"315,00"
Getränke,401,2017-08-28,"67,50"
Naturprodukte,402,2017-08-28,"912,00"
Milchprodukte,402,2017-08-28,"522,00"
Meeresfrüchte,403,2017-08-30,"776,70"
Fleischprodukte,403,2017-08-30,"820,00"
Fleischprodukte,403,2017-08-30,"223,50"
Süßwaren,404,2017-09-01,"110,40"
Getreideprodukte,404,2017-09-01,"420,00"
Meeresfrüchte,405,2017-09-01,"51,78"
Getreideprodukte,405,2017-09-01,"280,00"
Süßwaren,406,2017-09-02,"523,50"
Milchprodukte,406,2017-09-02,"680,00"
Gewürze,407,2017-09-02,"264,00"
Getränke,407,2017-09-02,"360,00"
Fleischprodukte,407,2017-09-02,"44,70"
Meeresfrüchte,408,2017-09-03,"193,00"
Naturprodukte,409,2017-09-04,"69,75"
Gewürze,409,2017-09-04,"544,60"
Süßwaren,409,2017-09-04,"57,00"
Gewürze,410,2017-09-04,"775,00"
Meeresfrüchte,410,2017-09-04,"231,60"
Meeresfrüchte,410,2017-09-04,"540,00"
Süßwaren,410,2017-09-04,"95,00"
Getreideprodukte,410,2017-09-04,"1710,00"
Milchprodukte,410,2017-09-04,"1020,00"
Süßwaren,411,2017-09-06,"600,00"
Meeresfrüchte,411,2017-09-06,"1288,00"
Milchprodukte,411,2017-09-06,"1870,00"
Gewürze,411,2017-09-06,"910,00"
Milchprodukte,412,2017-09-06,"250,00"
Meeresfrüchte,412,2017-09-06,"441,60"
Getränke,412,2017-09-06,"600,00"
Süßwaren,413,2017-09-08,"1701,00"
Getränke,414,2017-09-09,"54,00"
Meeresfrüchte,414,2017-09-09,"649,25"
Süßwaren,415,2017-09-09,"125,00"
Meeresfrüchte,416,2017-09-10,"552,00"
Getreideprodukte,416,2017-09-10,"420,00"
Naturprodukte,416,2017-09-10,"1060,00"
Meeresfrüchte,417,2017-09-10,"744,00"
Getreideprodukte,417,2017-09-10,"456,00"
Gewürze,417,2017-09-10,"315,75"
Naturprodukte,418,2017-09-11,"1060,00"
Milchprodukte,418,2017-09-11,"55,00"
Getränke,418,2017-09-11,"180,00"
Fleischprodukte,419,2017-09-13,"4456,44"
Gewürze,419,2017-09-13,"210,50"
Milchprodukte,420,2017-09-13,"1620,00"
Milchprodukte,420,2017-09-13,"301,00"
Milchprodukte,421,2017-09-15,"100,00"
Fleischprodukte,421,2017-09-15,"96,00"
Getreideprodukte,421,2017-09-15,"498,75"
Meeresfrüchte,422,2017-09-15,"570,00"
Getreideprodukte,423,2017-09-16,"288,00"
Meeresfrüchte,423,2017-09-16,"720,00"
Getränke,423,2017-09-16,"350,00"
Meeresfrüchte,423,2017-09-16,"750,00"
Getränke,423,2017-09-16,"193,75"
Süßwaren,424,2017-09-17,"174,50"
Süßwaren,424,2017-09-17,"493,00"
Gewürze,424,2017-09-17,"252,60"
Getränke,425,2017-09-17,"3952,50"
Milchprodukte,425,2017-09-17,"258,00"
Süßwaren,426,2017-09-18,"52,35"
Getreideprodukte,426,2017-09-18,"84,00"
Getränke,426,2017-09-18,"276,00"
Getreideprodukte,427,2017-09-18,"45,00"
Naturprodukte,428,2017-09-20,"697,50"
Fleischprodukte,428,2017-09-20,"328,00"
Meeresfrüchte,428,2017-09-20,"397,50"
Meeresfrüchte,429,2017-09-22,"62,00"
Süßwaren,429,2017-09-22,"64,40"
Gewürze,429,2017-09-22,"408,45"
Süßwaren,430,2017-09-22,"936,90"
Milchprodukte,430,2017-09-22,"20,00"
Milchprodukte,431,2017-09-23,"3800,00"
Milchprodukte,431,2017-09-23,"75,00"
Meeresfrüchte,431,2017-09-23,"1158,00"
Fleischprodukte,431,2017-09-23,"223,50"
Milchprodukte,432,2017-09-23,"660,00"
Süßwaren,433,2017-09-24,"872,50"
Milchprodukte,433,2017-09-24,"250,00"
Getreideprodukte,433,2017-09-24,"560,00"
Süßwaren,434,2017-09-25,"276,00"
Süßwaren,434,2017-09-25,"120,00"
Getreideprodukte,434,2017-09-25,"931,00"
Milchprodukte,435,2017-09-25,"75,00"
Gewürze,435,2017-09-25,"68,00"
Getränke,435,2017-09-25,"232,50"
Getreideprodukte,436,2017-09-27,"63,00"
Meeresfrüchte,437,2017-09-27,"368,00"
Süßwaren,437,2017-09-27,"380,00"
Milchprodukte,437,2017-09-27,"1020,00"
Meeresfrüchte,438,2017-09-29,"620,00"
Meeresfrüchte,438,2017-09-29,"38,60"
Süßwaren,438,2017-09-29,"142,50"
Fleischprodukte,439,2017-09-30,"1170,00"
Süßwaren,439,2017-09-30,"468,45"
Fleischprodukte,440,2017-09-30,"4850,00"
Fleischprodukte,440,2017-09-30,"1237,90"
Meeresfrüchte,440,2017-09-30,"114,00"
Meeresfrüchte,441,2017-10-01,"558,00"
Naturprodukte,441,2017-10-01,"2736,00"
Getränke,441,2017-10-01,"196,00"
Getränke,442,2017-10-01,"630,00"
Getreideprodukte,443,2017-10-02,"760,00"
Gewürze,443,2017-10-02,"390,00"
Getränke,444,2017-10-04,"540,00"
Fleischprodukte,444,2017-10-04,"4951,60"
Getränke,444,2017-10-04,"1840,00"
Gewürze,444,2017-10-04,"466,80"
Süßwaren,444,2017-10-04,"2366,40"
Gewürze,445,2017-10-04,"878,00"
Fleischprodukte,446,2017-10-06,"582,00"
Fleischprodukte,446,2017-10-06,"447,00"
Milchprodukte,446,2017-10-06,"1080,00"
Meeresfrüchte,446,2017-10-06,"225,00"
Naturprodukte,447,2017-10-06,"2700,00"
Milchprodukte,447,2017-10-06,"1375,00"
Getränke,447,2017-10-06,"750,00"
Gewürze,448,2017-10-07,"400,00"
Milchprodukte,448,2017-10-07,"152,00"
Getränke,448,2017-10-07,"90,00"
Fleischprodukte,449,2017-10-08,"780,00"
Meeresfrüchte,449,2017-10-08,"216,00"
Süßwaren,450,2017-10-08,"64,40"
Getränke,450,2017-10-08,"162,00"
Meeresfrüchte,450,2017-10-08,"397,50"
Getränke,450,2017-10-08,"450,00"
Milchprodukte,451,2017-10-09,"315,00"
Fleischprodukte,451,2017-10-09,"312,00"
Fleischprodukte,451,2017-10-09,"1485,48"
Gewürze,451,2017-10-09,"1368,25"
Getränke,451,2017-10-09,"120,00"
Süßwaren,452,2017-10-09,"114,00"
Getränke,453,2017-10-11,"90,00"
Getränke,453,2017-10-11,"168,00"
Süßwaren,453,2017-10-11,"500,00"
Milchprodukte,453,2017-10-11,"1290,00"
Milchprodukte,454,2017-10-13,"2310,00"
Milchprodukte,454,2017-10-13,"430,00"
Getränke,454,2017-10-13,"630,00"
Gewürze,455,2017-10-13,"60,00"
Getränke,455,2017-10-13,"270,00"
Getränke,456,2017-10-14,"95,00"
Milchprodukte,456,2017-10-14,"1925,00"
Meeresfrüchte,456,2017-10-14,"525,00"
Gewürze,457,2017-10-14,"132,00"
Getränke,457,2017-10-14,"157,50"
Süßwaren,457,2017-10-14,"306,00"
Milchprodukte,458,2017-10-15,"250,00"
Milchprodukte,458,2017-10-15,"128,00"
Süßwaren,459,2017-10-16,"349,00"
Getränke,459,2017-10-16,"1104,00"
Milchprodukte,459,2017-10-16,"440,00"
Fleischprodukte,460,2017-10-16,"504,00"
Getreideprodukte,460,2017-10-16,"780,00"
Getränke,460,2017-10-16,"420,00"
Gewürze,461,2017-10-18,"85,40"
Meeresfrüchte,461,2017-10-18,"95,00"
Gewürze,462,2017-10-18,"1600,00"
Naturprodukte,462,2017-10-18,"1484,00"
Milchprodukte,462,2017-10-18,"340,00"
Süßwaren,463,2017-10-20,"46,00"
Süßwaren,463,2017-10-20,"47,50"
Süßwaren,464,2017-10-21,"110,40"
Meeresfrüchte,464,2017-10-21,"405,30"
Fleischprodukte,464,2017-10-21,"3936,00"
Fleischprodukte,465,2017-10-21,"98,40"
Getreideprodukte,465,2017-10-21,"1140,00"
Meeresfrüchte,466,2017-10-22,"558,00"
Süßwaren,466,2017-10-22,"936,90"
Meeresfrüchte,466,2017-10-22,"1045,00"
Meeresfrüchte,466,2017-10-22,"288,00"
Getränke,467,2017-10-22,"570,00"
Fleischprodukte,467,2017-10-22,"1053,00"
Süßwaren,467,2017-10-22,"475,00"
Getreideprodukte,467,2017-10-22,"684,00"
Meeresfrüchte,467,2017-10-22,"159,00"
Meeresfrüchte,468,2017-10-23,"651,00"
Milchprodukte,468,2017-10-23,"645,00"
Süßwaren,469,2017-10-25,"50,00"
Naturprodukte,469,2017-10-25,"371,00"
Gewürze,469,2017-10-25,"285,00"
Süßwaren,470,2017-10-25,"320,00"
Fleischprodukte,470,2017-10-25,"111,75"
Milchprodukte,470,2017-10-25,"900,00"
Milchprodukte,471,2017-10-27,"1368,00"
Süßwaren,471,2017-10-27,"349,00"
Meeresfrüchte,471,2017-10-27,"760,00"
Süßwaren,471,2017-10-27,"986,00"
Meeresfrüchte,472,2017-10-27,"750,00"
Meeresfrüchte,472,2017-10-27,"77,67"
Fleischprodukte,472,2017-10-27,"298,00"
Getränke,473,2017-10-28,"378,00"
Milchprodukte,473,2017-10-28,"172,00"
Gewürze,474,2017-10-29,"972,50"
Getränke,475,2017-10-29,"57,00"
Milchprodukte,475,2017-10-29,"625,00"
Süßwaren,475,2017-10-29,"562,50"
Getränke,475,2017-10-29,"325,50"
Süßwaren,476,2017-10-30,"468,45"
Meeresfrüchte,477,2017-10-30,"496,00"
Gewürze,477,2017-10-30,"142,50"
Meeresfrüchte,478,2017-11-01,"115,80"
Getreideprodukte,478,2017-11-01,"28,00"
Fleischprodukte,478,2017-11-01,"144,00"
Gewürze,479,2017-11-03,"550,00"
Milchprodukte,479,2017-11-03,"105,00"
Fleischprodukte,480,2017-11-03,"780,00"
Getreideprodukte,480,2017-11-03,"380,00"
Milchprodukte,480,2017-11-03,"550,00"
Meeresfrüchte,481,2017-11-04,"388,35"
Meeresfrüchte,481,2017-11-04,"110,40"
Fleischprodukte,481,2017-11-04,"288,00"
Milchprodukte,481,2017-11-04,"510,00"
Getränke,482,2017-11-04,"900,00"
Süßwaren,482,2017-11-04,"300,00"
Süßwaren,482,2017-11-04,"650,00"
Süßwaren,483,2017-11-05,"261,75"
Milchprodukte,483,2017-11-05,"37,50"
Gewürze,483,2017-11-05,"210,50"
Süßwaren,484,2017-11-06,"400,00"
Naturprodukte,484,2017-11-06,"1590,00"
Getränke,485,2017-11-06,"360,00"
Naturprodukte,486,2017-11-08,"372,00"
Naturprodukte,486,2017-11-08,"912,00"
Getreideprodukte,486,2017-11-08,"175,00"
Gewürze,487,2017-11-08,"750,00"
Meeresfrüchte,487,2017-11-08,"388,35"
Getränke,487,2017-11-08,"360,00"
Gewürze,488,2017-11-10,"570,00"
Gewürze,488,2017-11-10,"26,00"
Gewürze,489,2017-11-11,"842,00"
Getränke,489,2017-11-11,"155,00"
Meeresfrüchte,490,2017-11-11,"24,00"
Meeresfrüchte,490,2017-11-11,"115,80"
Süßwaren,491,2017-11-12,"52,35"
Meeresfrüchte,492,2017-11-12,"114,00"
Getreideprodukte,492,2017-11-12,"126,00"
Naturprodukte,493,2017-11-13,"228,00"
Getränke,493,2017-11-13,"630,00"
Meeresfrüchte,493,2017-11-13,"380,00"
Getreideprodukte,493,2017-11-13,"532,00"
Getränke,494,2017-11-15,"285,00"
Gewürze,495,2017-11-15,"200,00"
Milchprodukte,495,2017-11-15,"1700,00"
Milchprodukte,495,2017-11-15,"1218,00"
Meeresfrüchte,496,2017-11-17,"336,00"
Meeresfrüchte,497,2017-11-17,"920,00"
Meeresfrüchte,498,2017-11-18,"1500,00"
Gewürze,498,2017-11-18,"311,20"
Milchprodukte,498,2017-11-18,"2475,00"
Milchprodukte,498,2017-11-18,"243,60"
Meeresfrüchte,499,2017-11-19,"36,00"
Getreideprodukte,499,2017-11-19,"392,00"
Süßwaren,499,2017-11-19,"443,70"
Milchprodukte,499,2017-11-19,"1440,00"
Milchprodukte,500,2017-11-19,"100,00"
Meeresfrüchte,500,2017-11-19,"337,75"
Gewürze,500,2017-11-19,"395,10"
Milchprodukte,500,2017-11-19,"1080,00"
Getreideprodukte,501,2017-11-20,"396,00"
Meeresfrüchte,501,2017-11-20,"736,00"
Getreideprodukte,501,2017-11-20,"1064,00"
Getreideprodukte,502,2017-11-20,"570,00"
Milchprodukte,502,2017-11-20,"330,00"
Getränke,502,2017-11-20,"180,00"
Naturprodukte,503,2017-11-22,"116,25"
Meeresfrüchte,503,2017-11-22,"380,00"
Milchprodukte,503,2017-11-22,"1375,00"
Süßwaren,504,2017-11-24,"374,76"
Meeresfrüchte,504,2017-11-24,"776,70"
Süßwaren,504,2017-11-24,"325,00"
Meeresfrüchte,504,2017-11-24,"225,00"
Getränke,505,2017-11-24,"144,00"
Milchprodukte,505,2017-11-24,"108,00"
Meeresfrüchte,506,2017-11-25,"38,00"
Naturprodukte,506,2017-11-25,"50,00"
Meeresfrüchte,507,2017-11-25,"55,20"
Süßwaren,508,2017-11-26,"285,00"
Getreideprodukte,508,2017-11-26,"1140,00"
Getreideprodukte,508,2017-11-26,"273,00"
Milchprodukte,508,2017-11-26,"900,00"
Meeresfrüchte,509,2017-11-27,"1312,50"
Meeresfrüchte,509,2017-11-27,"380,00"
Süßwaren,509,2017-11-27,"75,00"
Milchprodukte,509,2017-11-27,"720,00"
Getränke,510,2017-11-27,"420,00"
Milchprodukte,510,2017-11-27,"385,00"
Süßwaren,510,2017-11-27,"1479,00"
Getreideprodukte,510,2017-11-27,"798,00"
Süßwaren,511,2017-11-29,"624,60"
Getreideprodukte,511,2017-11-29,"420,00"
Getränke,511,2017-11-29,"600,00"
Milchprodukte,512,2017-11-29,"320,00"
Süßwaren,513,2017-12-01,"168,00"
Süßwaren,513,2017-12-01,"1756,00"
Getränke,513,2017-12-01,"1380,00"
Süßwaren,514,2017-12-02,"490,00"
Getränke,514,2017-12-02,"139,50"
Getränke,515,2017-12-02,"288,00"
Süßwaren,515,2017-12-02,"285,00"
Naturprodukte,515,2017-12-02,"1484,00"
Getreideprodukte,515,2017-12-02,"2280,00"
Süßwaren,516,2017-12-03,"400,00"
Getreideprodukte,516,2017-12-03,"126,00"
Getränke,516,2017-12-03,"90,00"
Gewürze,517,2017-12-03,"200,00"
Getränke,517,2017-12-03,"2340,00"
Gewürze,518,2017-12-04,"1684,00"
Getränke,519,2017-12-06,"760,00"
Naturprodukte,519,2017-12-06,"1050,00"
Süßwaren,519,2017-12-06,"500,00"
Getreideprodukte,520,2017-12-06,"28,00"
Getreideprodukte,521,2017-12-08,"84,00"
Milchprodukte,521,2017-12-08,"625,00"
Milchprodukte,521,2017-12-08,"510,00"
Milchprodukte,521,2017-12-08,"258,00"
Meeresfrüchte,522,2017-12-08,"289,50"
Getreideprodukte,522,2017-12-08,"105,00"
Gewürze,522,2017-12-08,"570,00"
Süßwaren,522,2017-12-08,"739,50"
Milchprodukte,523,2017-12-09,"315,00"
Milchprodukte,524,2017-12-10,"344,00"
Fleischprodukte,525,2017-12-10,"2228,22"
Milchprodukte,525,2017-12-10,"1375,00"
Fleischprodukte,526,2017-12-11,"1287,00"
Milchprodukte,526,2017-12-11,"875,00"
Getränke,526,2017-12-11,"54,25"
Milchprodukte,527,2017-12-11,"25,00"
Gewürze,527,2017-12-11,"850,00"
Meeresfrüchte,528,2017-12-13,"186,00"
Getränke,528,2017-12-13,"42,00"
Milchprodukte,529,2017-12-15,"200,00"
Getreideprodukte,529,2017-12-15,"168,00"
Meeresfrüchte,529,2017-12-15,"256,50"
Naturprodukte,529,2017-12-15,"6360,00"
Getreideprodukte,530,2017-12-15,"280,00"
Meeresfrüchte,531,2017-12-16,"96,50"
Süßwaren,532,2017-12-16,"349,00"
Süßwaren,532,2017-12-16,"986,00"
Getränke,533,2017-12-16,"525,00"
Gewürze,533,2017-12-16,"195,00"
Fleischprodukte,534,2017-12-17,"22,35"
Getreideprodukte,534,2017-12-17,"760,00"
Naturprodukte,534,2017-12-17,"350,00"
Milchprodukte,535,2017-12-17,"12,50"
Milchprodukte,536,2017-12-18,"125,00"
Getränke,536,2017-12-18,"1317,50"
Meeresfrüchte,537,2017-12-18,"570,00"
Getränke,537,2017-12-18,"36,00"
Milchprodukte,537,2017-12-18,"1044,00"
Meeresfrüchte,538,2017-12-18,"310,00"
Getränke,538,2017-12-18,"77,50"
Gewürze,539,2017-12-20,"1200,00"
Meeresfrüchte,539,2017-12-20,"388,35"
Getränke,539,2017-12-20,"325,50"
Getränke,540,2017-12-20,"285,00"
Fleischprodukte,540,2017-12-20,"2475,80"
Süßwaren,541,2017-12-22,"460,00"
Getränke,541,2017-12-22,"310,00"
Meeresfrüchte,542,2017-12-22,"1875,00"
Getränke,542,2017-12-22,"270,00"
Gewürze,542,2017-12-22,"1317,00"
Süßwaren,542,2017-12-22,"225,00"
Naturprodukte,543,2017-12-22,"90,00"
Getreideprodukte,543,2017-12-22,"760,00"
Fleischprodukte,544,2017-12-23,"1733,06"
Meeresfrüchte,544,2017-12-23,"193,00"
Getränke,545,2017-12-23,"190,00"
Fleischprodukte,545,2017-12-23,"22,35"
Süßwaren,545,2017-12-23,"187,50"
Meeresfrüchte,546,2017-12-24,"135,10"
Getreideprodukte,546,2017-12-24,"56,00"
Naturprodukte,547,2017-12-24,"348,75"
Fleischprodukte,547,2017-12-24,"44,70"
Süßwaren,548,2017-12-24,"1134,25"
Fleischprodukte,548,2017-12-24,"1365,00"
Süßwaren,549,2017-12-25,"655,83"
Gewürze,549,2017-12-25,"194,50"
Getreideprodukte,549,2017-12-25,"1163,75"
Milchprodukte,549,2017-12-25,"864,00"
Milchprodukte,550,2017-12-25,"420,00"
Süßwaren,551,2017-12-27,"98,60"
Milchprodukte,551,2017-12-27,"348,00"
Meeresfrüchte,552,2017-12-27,"120,00"
Getränke,552,2017-12-27,"90,00"
Milchprodukte,552,2017-12-27,"1375,00"
Milchprodukte,553,2017-12-27,"1050,00"
Naturprodukte,553,2017-12-27,"530,00"
Fleischprodukte,553,2017-12-27,"52,15"
Fleischprodukte,554,2017-12-29,"1560,00"
Fleischprodukte,554,2017-12-29,"2475,80"
Meeresfrüchte,555,2017-12-29,"647,25"
Naturprodukte,555,2017-12-29,"1590,00"
Fleischprodukte,555,2017-12-29,"1440,00"
Süßwaren,555,2017-12-29,"246,50"
Süßwaren,556,2017-12-30,"220,80"
Süßwaren,556,2017-12-30,"210,00"
Milchprodukte,556,2017-12-30,"825,00"
Meeresfrüchte,557,2017-12-30,"1116,00"
Naturprodukte,557,2017-12-30,"1094,40"
Süßwaren,557,2017-12-30,"80,00"
Getränke,558,2017-12-30,"140,00"
Getränke,558,2017-12-30,"2635,00"
Getränke,559,2017-12-31,"380,00"
Gewürze,559,2017-12-31,"42,10"
Naturprodukte,559,2017-12-31,"150,00"
Meeresfrüchte,560,2017-12-31,"18,40"
Getreideprodukte,561,2018-01-01,"760,00"
Getränke,561,2018-01-01,"900,00"
Getreideprodukte,562,2018-01-01,"140,00"
Meeresfrüchte,563,2018-01-01,"42,00"
Süßwaren,563,2018-01-01,"70,00"
Getränke,563,2018-01-01,"75,00"
Süßwaren,564,2018-01-03,"138,00"
Getreideprodukte,564,2018-01-03,"162,00"
Meeresfrüchte,564,2018-01-03,"552,00"
Milchprodukte,565,2018-01-03,"200,00"
Milchprodukte,565,2018-01-03,"1392,00"
Gewürze,565,2018-01-03,"260,00"
Getränke,566,2018-01-05,"228,00"
Meeresfrüchte,566,2018-01-05,"420,00"
Meeresfrüchte,567,2018-01-05,"193,00"
Getränke,567,2018-01-05,"920,00"
Süßwaren,567,2018-01-05,"102,00"
Gewürze,567,2018-01-05,"855,00"
Milchprodukte,568,2018-01-05,"40,00"
Getränke,569,2018-01-06,"7905,00"
Süßwaren,569,2018-01-06,"986,00"
Süßwaren,570,2018-01-06,"1249,20"
Getränke,570,2018-01-06,"7905,00"
Meeresfrüchte,570,2018-01-06,"1104,00"
Süßwaren,570,2018-01-06,"1232,50"
Milchprodukte,571,2018-01-07,"640,00"
Meeresfrüchte,571,2018-01-07,"193,00"
Getränke,572,2018-01-07,"322,00"
Getränke,572,2018-01-07,"155,00"
Getreideprodukte,573,2018-01-07,"1140,00"
Getränke,574,2018-01-08,"360,00"
Naturprodukte,574,2018-01-08,"318,00"
Süßwaren,575,2018-01-08,"147,90"
Getränke,575,2018-01-08,"90,00"
Milchprodukte,576,2018-01-10,"420,00"
Getreideprodukte,576,2018-01-10,"292,50"
Milchprodukte,576,2018-01-10,"2200,00"
Gewürze,576,2018-01-10,"195,00"
Meeresfrüchte,577,2018-01-10,"115,80"
Getränke,577,2018-01-10,"135,00"
Süßwaren,578,2018-01-10,"374,76"
Fleischprodukte,578,2018-01-10,"656,00"
Milchprodukte,579,2018-01-12,"437,50"
Getreideprodukte,579,2018-01-12,"292,50"
Meeresfrüchte,580,2018-01-12,"465,00"
Getränke,580,2018-01-12,"378,00"
Süßwaren,581,2018-01-13,"405,00"
Getränke,581,2018-01-13,"527,00"
Getränke,582,2018-01-13,"190,00"
Gewürze,582,2018-01-13,"800,00"
Meeresfrüchte,582,2018-01-13,"60,00"
Milchprodukte,582,2018-01-13,"714,00"
Gewürze,583,2018-01-13,"150,00"
Getränke,583,2018-01-13,"504,00"
Milchprodukte,583,2018-01-13,"1020,00"
Süßwaren,583,2018-01-13,"300,00"
Süßwaren,584,2018-01-14,"18,40"
Getränke,584,2018-01-14,"144,00"
Getränke,584,2018-01-14,"2108,00"
Getränke,584,2018-01-14,"414,00"
Meeresfrüchte,585,2018-01-14,"18,00"
Süßwaren,585,2018-01-14,"140,00"
Gewürze,585,2018-01-14,"311,20"
Getreideprodukte,585,2018-01-14,"99,75"
Naturprodukte,586,2018-01-15,"600,00"
Milchprodukte,586,2018-01-15,"112,50"
Fleischprodukte,586,2018-01-15,"295,20"
Fleischprodukte,587,2018-01-15,"990,32"
Meeresfrüchte,587,2018-01-15,"517,80"
Milchprodukte,588,2018-01-15,"825,00"
Gewürze,588,2018-01-15,"26,00"
Getreideprodukte,589,2018-01-17,"1092,00"
Getränke,589,2018-01-17,"108,00"
Getreideprodukte,589,2018-01-17,"468,00"
Milchprodukte,589,2018-01-17,"2040,00"
Getreideprodukte,589,2018-01-17,"997,50"
Meeresfrüchte,590,2018-01-17,"36,00"
Meeresfrüchte,590,2018-01-17,"460,00"
Süßwaren,590,2018-01-17,"380,00"
Getränke,590,2018-01-17,"378,00"
Getränke,591,2018-01-19,"72,00"
Meeresfrüchte,591,2018-01-19,"1562,50"
Meeresfrüchte,591,2018-01-19,"950,00"
Meeresfrüchte,592,2018-01-19,"397,50"
Milchprodukte,592,2018-01-19,"522,00"
Süßwaren,593,2018-01-19,"84,00"
Getränke,593,2018-01-19,"180,00"
Meeresfrüchte,594,2018-01-20,"496,00"
Getreideprodukte,594,2018-01-20,"1140,00"
Milchprodukte,594,2018-01-20,"2750,00"
Gewürze,594,2018-01-20,"195,00"
Milchprodukte,595,2018-01-20,"315,00"
Getränke,595,2018-01-20,"230,00"
Süßwaren,595,2018-01-20,"250,00"
Getränke,595,2018-01-20,"180,00"
Naturprodukte,596,2018-01-21,"212,00"
Getreideprodukte,597,2018-01-21,"735,00"
Getreideprodukte,598,2018-01-21,"630,00"
Getränke,598,2018-01-21,"450,00"
Getreideprodukte,598,2018-01-21,"588,00"
Meeresfrüchte,598,2018-01-21,"795,00"
Getreideprodukte,598,2018-01-21,"1596,00"
Gewürze,599,2018-01-22,"462,00"
Getränke,599,2018-01-22,"450,00"
Naturprodukte,599,2018-01-22,"200,00"
Getränke,600,2018-01-22,"1440,00"
Süßwaren,600,2018-01-22,"110,40"
Meeresfrüchte,600,2018-01-22,"1560,00"
Meeresfrüchte,600,2018-01-22,"342,00"
Milchprodukte,600,2018-01-22,"1530,00"
Milchprodukte,600,2018-01-22,"1182,50"
Gewürze,601,2018-01-24,"640,50"
Fleischprodukte,601,2018-01-24,"291,00"
Gewürze,602,2018-01-24,"490,00"
Süßwaren,602,2018-01-24,"562,14"
Süßwaren,603,2018-01-24,"280,00"
Milchprodukte,603,2018-01-24,"10,00"
Getränke,603,2018-01-24,"450,00"
Getränke,604,2018-01-26,"95,00"
Süßwaren,604,2018-01-26,"140,00"
Getreideprodukte,604,2018-01-26,"195,00"
Milchprodukte,604,2018-01-26,"2310,00"
Getränke,605,2018-01-26,"285,00"
Fleischprodukte,605,2018-01-26,"234,00"
Süßwaren,605,2018-01-26,"2465,00"
Meeresfrüchte,606,2018-01-27,"625,00"
Meeresfrüchte,607,2018-01-27,"3100,00"
Meeresfrüchte,607,2018-01-27,"390,00"
Süßwaren,608,2018-01-27,"872,50"
Milchprodukte,608,2018-01-27,"175,00"
Getreideprodukte,608,2018-01-27,"912,00"
Gewürze,608,2018-01-27,"315,75"
Getränke,609,2018-01-28,"380,00"
Getreideprodukte,609,2018-01-28,"280,00"
Gewürze,610,2018-01-28,"300,00"
Süßwaren,610,2018-01-28,"1093,05"
Fleischprodukte,610,2018-01-28,"1237,90"
Naturprodukte,611,2018-01-29,"150,00"
Süßwaren,611,2018-01-29,"439,00"
Getränke,611,2018-01-29,"60,00"
Getränke,612,2018-01-29,"180,00"
Fleischprodukte,612,2018-01-29,"260,75"
Getreideprodukte,612,2018-01-29,"997,50"
Naturprodukte,613,2018-01-29,"159,00"
Getränke,613,2018-01-29,"360,00"
Fleischprodukte,614,2018-01-31,"1638,00"
Meeresfrüchte,614,2018-01-31,"1250,00"
Süßwaren,614,2018-01-31,"400,00"
Milchprodukte,614,2018-01-31,"87,50"
Süßwaren,614,2018-01-31,"147,90"
Milchprodukte,615,2018-01-31,"525,00"
Getreideprodukte,615,2018-01-31,"56,00"
Getränke,616,2018-02-02,"360,00"
Meeresfrüchte,616,2018-02-02,"159,00"
Getränke,617,2018-02-02,"72,00"
Getränke,617,2018-02-02,"210,00"
Getränke,618,2018-02-02,"15810,00"
Getränke,618,2018-02-02,"1440,00"
Getränke,619,2018-02-03,"399,00"
Getränke,619,2018-02-03,"27,00"
Meeresfrüchte,619,2018-02-03,"1035,60"
Fleischprodukte,620,2018-02-03,"98,40"
Süßwaren,621,2018-02-04,"624,60"
Getränke,621,2018-02-04,"540,00"
Süßwaren,621,2018-02-04,"840,00"
Getränke,622,2018-02-04,"720,00"
Milchprodukte,622,2018-02-04,"210,00"
Getreideprodukte,622,2018-02-04,"450,00"
Süßwaren,622,2018-02-04,"250,00"
Getränke,623,2018-02-04,"54,00"
Naturprodukte,623,2018-02-04,"106,00"
Gewürze,624,2018-02-05,"1250,00"
Süßwaren,624,2018-02-05,"209,40"
Fleischprodukte,624,2018-02-05,"624,00"
Fleischprodukte,625,2018-02-05,"240,00"
Süßwaren,625,2018-02-05,"986,00"
Getreideprodukte,625,2018-02-05,"498,75"
Gewürze,625,2018-02-05,"442,05"
Süßwaren,626,2018-02-07,"200,00"
Naturprodukte,626,2018-02-07,"136,80"
Meeresfrüchte,627,2018-02-07,"310,00"
Süßwaren,628,2018-02-07,"230,00"
Süßwaren,628,2018-02-07,"199,50"
Süßwaren,628,2018-02-07,"300,00"
Meeresfrüchte,629,2018-02-09,"252,00"
Getreideprodukte,629,2018-02-09,"665,00"
Süßwaren,630,2018-02-09,"523,50"
Meeresfrüchte,630,2018-02-09,"1562,50"
Süßwaren,631,2018-02-10,"1620,00"
Meeresfrüchte,632,2018-02-10,"220,80"
Gewürze,632,2018-02-10,"210,50"
Getränke,632,2018-02-10,"180,00"
Getreideprodukte,633,2018-02-10,"270,00"
Gewürze,633,2018-02-10,"855,00"
Getränke,633,2018-02-10,"750,00"
Meeresfrüchte,634,2018-02-11,"150,00"
Getreideprodukte,635,2018-02-11,"350,00"
Süßwaren,635,2018-02-11,"400,00"
Fleischprodukte,635,2018-02-11,"238,40"
Getränke,636,2018-02-12,"36,00"
Süßwaren,637,2018-02-12,"400,00"
Getreideprodukte,637,2018-02-12,"798,00"
Gewürze,637,2018-02-12,"252,60"
Getränke,638,2018-02-12,"380,00"
Getränke,638,2018-02-12,"54,00"
Getränke,638,2018-02-12,"450,00"
Gewürze,638,2018-02-12,"325,00"
Meeresfrüchte,639,2018-02-14,"2170,00"
Milchprodukte,639,2018-02-14,"437,50"
Gewürze,639,2018-02-14,"520,00"
Süßwaren,640,2018-02-14,"70,00"
Getränke,641,2018-02-16,"380,00"
Süßwaren,641,2018-02-16,"225,00"
Milchprodukte,642,2018-02-16,"840,00"
Getränke,642,2018-02-16,"10540,00"
Fleischprodukte,643,2018-02-16,"585,00"
Getränke,643,2018-02-16,"140,00"
Meeresfrüchte,643,2018-02-16,"135,10"
Meeresfrüchte,644,2018-02-17,"388,35"
Milchprodukte,645,2018-02-17,"2200,00"
Gewürze,646,2018-02-18,"1200,00"
Getränke,646,2018-02-18,"45,00"
Fleischprodukte,646,2018-02-18,"2970,96"
Meeresfrüchte,646,2018-02-18,"906,15"
Meeresfrüchte,646,2018-02-18,"380,00"
Meeresfrüchte,647,2018-02-18,"168,00"
Milchprodukte,647,2018-02-18,"1800,00"
Getränke,647,2018-02-18,"930,00"
Getränke,648,2018-02-18,"495,00"
Getränke,648,2018-02-18,"810,00"
Meeresfrüchte,648,2018-02-18,"1674,40"
Milchprodukte,648,2018-02-18,"3400,00"
Meeresfrüchte,649,2018-02-19,"142,50"
Getreideprodukte,649,2018-02-19,"608,00"
Fleischprodukte,650,2018-02-19,"9903,20"
Meeresfrüchte,650,2018-02-19,"932,04"
Meeresfrüchte,651,2018-02-21,"30,00"
Getränke,652,2018-02-21,"144,00"
Getränke,653,2018-02-21,"45,00"
Meeresfrüchte,654,2018-02-23,"289,50"
Milchprodukte,654,2018-02-23,"645,00"
Fleischprodukte,655,2018-02-23,"720,00"
Süßwaren,655,2018-02-23,"295,80"
Meeresfrüchte,656,2018-02-24,"240,00"
Gewürze,656,2018-02-24,"442,05"
Süßwaren,656,2018-02-24,"250,00"
Meeresfrüchte,657,2018-02-24,"198,75"
Süßwaren,657,2018-02-24,"1725,50"
Getränke,658,2018-02-24,"360,00"
Gewürze,659,2018-02-25,"427,50"
Getränke,660,2018-02-25,"108,50"
Naturprodukte,661,2018-02-26,"600,00"
Getreideprodukte,661,2018-02-26,"98,00"
Naturprodukte,662,2018-02-26,"360,00"
Süßwaren,662,2018-02-26,"261,75"
Meeresfrüchte,662,2018-02-26,"48,25"
Süßwaren,663,2018-02-26,"110,40"
Süßwaren,663,2018-02-26,"200,00"
Gewürze,663,2018-02-26,"142,50"
Getränke,664,2018-02-26,"180,00"
Fleischprodukte,664,2018-02-26,"468,00"
Getränke,664,2018-02-26,"210,00"
Milchprodukte,665,2018-02-26,"840,00"
Fleischprodukte,665,2018-02-26,"7427,40"
Gewürze,666,2018-02-26,"660,00"
Milchprodukte,666,2018-02-26,"100,00"
Meeresfrüchte,666,2018-02-26,"198,75"
Milchprodukte,667,2018-02-28,"537,50"
Fleischprodukte,668,2018-02-28,"390,00"
Milchprodukte,668,2018-02-28,"75,00"
Fleischprodukte,668,2018-02-28,"74,50"
Süßwaren,669,2018-02-28,"104,70"
Milchprodukte,669,2018-02-28,"192,00"
Getreideprodukte,669,2018-02-28,"390,00"
Meeresfrüchte,670,2018-03-02,"25,89"
Milchprodukte,670,2018-03-02,"340,00"
Getränke,671,2018-03-02,"1080,00"
Milchprodukte,671,2018-03-02,"850,00"
Süßwaren,672,2018-03-02,"418,80"
Süßwaren,672,2018-03-02,"336,00"
Meeresfrüchte,672,2018-03-02,"368,00"
Süßwaren,673,2018-03-03,"390,00"
Getränke,674,2018-03-03,"180,00"
Gewürze,674,2018-03-03,"1756,00"
Fleischprodukte,675,2018-03-03,"585,00"
Getränke,675,2018-03-03,"157,50"
Getreideprodukte,676,2018-03-03,"140,00"
Getränke,676,2018-03-03,"460,00"
Getränke,676,2018-03-03,"336,00"
Meeresfrüchte,677,2018-03-04,"620,00"
Naturprodukte,677,2018-03-04,"1368,00"
Getränke,677,2018-03-04,"46,50"
Meeresfrüchte,678,2018-03-04,"475,00"
Getreideprodukte,678,2018-03-04,"84,00"
Milchprodukte,679,2018-03-04,"42,00"
Meeresfrüchte,679,2018-03-04,"60,00"
Süßwaren,679,2018-03-04,"64,40"
Milchprodukte,679,2018-03-04,"348,00"
Süßwaren,680,2018-03-05,"405,00"
Getreideprodukte,680,2018-03-05,"35,00"
Getränke,680,2018-03-05,"360,00"
Süßwaren,681,2018-03-05,"47,50"
Getränke,681,2018-03-05,"90,00"
Süßwaren,682,2018-03-05,"600,00"
Getränke,682,2018-03-05,"379,75"
Gewürze,682,2018-03-05,"195,00"
Süßwaren,683,2018-03-07,"360,00"
Süßwaren,683,2018-03-07,"1097,50"
Fleischprodukte,683,2018-03-07,"600,00"
Meeresfrüchte,683,2018-03-07,"397,50"
Meeresfrüchte,684,2018-03-07,"252,00"
Getreideprodukte,684,2018-03-07,"585,00"
Süßwaren,685,2018-03-07,"523,50"
Süßwaren,685,2018-03-07,"690,20"
Milchprodukte,685,2018-03-07,"556,80"
Getränke,685,2018-03-07,"155,00"
Fleischprodukte,686,2018-03-07,"65,60"
Gewürze,686,2018-03-07,"855,00"
Gewürze,687,2018-03-09,"500,00"
Getränke,688,2018-03-09,"378,00"
Meeresfrüchte,688,2018-03-09,"250,00"
Getreideprodukte,688,2018-03-09,"72,00"
Meeresfrüchte,689,2018-03-09,"570,00"
Naturprodukte,690,2018-03-10,"364,80"
Getränke,690,2018-03-10,"280,00"
Meeresfrüchte,691,2018-03-10,"120,00"
Getränke,691,2018-03-10,"1104,00"
Milchprodukte,691,2018-03-10,"1666,00"
Milchprodukte,691,2018-03-10,"752,50"
Getränke,692,2018-03-10,"190,00"
Getränke,692,2018-03-10,"560,00"
Naturprodukte,693,2018-03-11,"240,00"
Meeresfrüchte,693,2018-03-11,"120,00"
Milchprodukte,694,2018-03-11,"550,00"
Süßwaren,694,2018-03-11,"1479,00"
Süßwaren,694,2018-03-11,"1000,00"
Milchprodukte,694,2018-03-11,"1740,00"
Süßwaren,695,2018-03-11,"560,00"
Meeresfrüchte,696,2018-03-11,"90,00"
Getreideprodukte,696,2018-03-11,"441,00"
Meeresfrüchte,696,2018-03-11,"180,00"
Milchprodukte,697,2018-03-12,"105,00"
Gewürze,697,2018-03-12,"350,10"
Getreideprodukte,697,2018-03-12,"684,00"
Meeresfrüchte,698,2018-03-12,"120,00"
Milchprodukte,698,2018-03-12,"125,00"
Meeresfrüchte,699,2018-03-12,"775,00"
Getränke,699,2018-03-12,"112,50"
Gewürze,699,2018-03-12,"520,00"
Milchprodukte,700,2018-03-14,"220,00"
Süßwaren,701,2018-03-14,"146,25"
Naturprodukte,701,2018-03-14,"2120,00"
Fleischprodukte,701,2018-03-14,"96,00"
Gewürze,702,2018-03-14,"300,00"
Meeresfrüchte,702,2018-03-14,"930,00"
Fleischprodukte,702,2018-03-14,"234,00"
Süßwaren,702,2018-03-14,"2958,00"
Gewürze,703,2018-03-16,"110,00"
Milchprodukte,704,2018-03-16,"37,50"
Meeresfrüchte,704,2018-03-16,"57,90"
Getränke,704,2018-03-16,"387,50"
Gewürze,705,2018-03-16,"400,00"
Naturprodukte,705,2018-03-16,"91,20"
Süßwaren,706,2018-03-16,"4050,00"
Milchprodukte,706,2018-03-16,"625,00"
Süßwaren,707,2018-03-17,"488,60"
Milchprodukte,707,2018-03-17,"312,50"
Meeresfrüchte,707,2018-03-17,"285,00"
Milchprodukte,707,2018-03-17,"816,00"
Getränke,708,2018-03-17,"93,00"
Süßwaren,709,2018-03-17,"120,00"
Süßwaren,709,2018-03-17,"133,00"
Naturprodukte,709,2018-03-17,"424,00"
Meeresfrüchte,710,2018-03-18,"776,70"
Getränke,710,2018-03-18,"720,00"
Getreideprodukte,710,2018-03-18,"266,00"
Gewürze,711,2018-03-18,"427,00"
Naturprodukte,711,2018-03-18,"180,00"
Milchprodukte,711,2018-03-18,"174,00"
Getränke,712,2018-03-18,"155,00"
Getränke,713,2018-03-19,"45,00"
Meeresfrüchte,713,2018-03-19,"231,60"
Getreideprodukte,714,2018-03-19,"42,00"
Getränke,714,2018-03-19,"1080,00"
Naturprodukte,715,2018-03-19,"1350,00"
Meeresfrüchte,715,2018-03-19,"462,00"
Fleischprodukte,715,2018-03-19,"656,00"
Milchprodukte,715,2018-03-19,"324,00"
Getränke,715,2018-03-19,"792,00"
Milchprodukte,716,2018-03-19,"68,00"
Meeresfrüchte,717,2018-03-21,"375,00"
Getränke,717,2018-03-21,"1317,50"
Milchprodukte,717,2018-03-21,"360,00"
Naturprodukte,718,2018-03-21,"848,00"
Meeresfrüchte,719,2018-03-21,"208,00"
Getreideprodukte,719,2018-03-21,"456,00"
Süßwaren,719,2018-03-21,"591,60"
Süßwaren,720,2018-03-23,"110,40"
Süßwaren,720,2018-03-23,"800,00"
Milchprodukte,721,2018-03-23,"1140,00"
Getränke,721,2018-03-23,"135,00"
Getreideprodukte,721,2018-03-23,"133,00"
Meeresfrüchte,722,2018-03-23,"108,00"
Getreideprodukte,723,2018-03-24,"280,00"
Fleischprodukte,724,2018-03-24,"1733,06"
Fleischprodukte,725,2018-03-24,"234,00"
Milchprodukte,725,2018-03-24,"17,50"
Süßwaren,726,2018-03-24,"156,15"
Meeresfrüchte,726,2018-03-24,"57,90"
Getränke,726,2018-03-24,"77,50"
Gewürze,727,2018-03-25,"439,00"
Gewürze,728,2018-03-25,"640,00"
Getränke,728,2018-03-25,"77,50"
Naturprodukte,729,2018-03-25,"912,00"
Getränke,730,2018-03-26,"540,00"
Süßwaren,730,2018-03-26,"285,00"
Naturprodukte,730,2018-03-26,"530,00"
Gewürze,730,2018-03-26,"878,00"
Gewürze,731,2018-03-26,"800,00"
Süßwaren,731,2018-03-26,"400,00"
Meeresfrüchte,731,2018-03-26,"184,00"
Gewürze,731,2018-03-26,"116,70"
Naturprodukte,732,2018-03-26,"540,00"
Milchprodukte,732,2018-03-26,"760,00"
Getränke,732,2018-03-26,"360,00"
Süßwaren,732,2018-03-26,"1317,00"
Milchprodukte,732,2018-03-26,"300,00"
Gewürze,732,2018-03-26,"1536,50"
Getränke,733,2018-03-28,"310,00"
Getränke,734,2018-03-28,"15810,00"
Naturprodukte,735,2018-03-28,"600,00"
Getränke,735,2018-03-28,"414,00"
Meeresfrüchte,736,2018-03-28,"504,00"
Getreideprodukte,736,2018-03-28,"292,50"
Süßwaren,737,2018-03-30,"959,75"
Getränke,737,2018-03-30,"90,00"
Meeresfrüchte,737,2018-03-30,"760,00"
Süßwaren,738,2018-03-30,"628,20"
Meeresfrüchte,738,2018-03-30,"500,00"
Milchprodukte,738,2018-03-30,"1120,00"
Milchprodukte,739,2018-03-30,"630,00"
Süßwaren,739,2018-03-30,"1215,00"
Getränke,739,2018-03-30,"180,00"
Gewürze,739,2018-03-30,"195,00"
Naturprodukte,740,2018-03-31,"1800,00"
Getränke,740,2018-03-31,"276,00"
Milchprodukte,740,2018-03-31,"696,00"
Naturprodukte,741,2018-03-31,"1800,00"
Süßwaren,741,2018-03-31,"1972,00"
Gewürze,742,2018-03-31,"1000,00"
Milchprodukte,742,2018-03-31,"315,00"
Meeresfrüchte,742,2018-03-31,"38,60"
Süßwaren,743,2018-04-01,"650,00"
Getränke,743,2018-04-01,"840,00"
Fleischprodukte,743,2018-04-01,"1560,00"
Gewürze,743,2018-04-01,"1881,00"
Getränke,744,2018-04-01,"950,00"
Getränke,744,2018-04-01,"300,00"
Getränke,744,2018-04-01,"1620,00"
Milchprodukte,745,2018-04-01,"69,60"
Fleischprodukte,746,2018-04-01,"6189,50"
Meeresfrüchte,746,2018-04-01,"337,75"
Milchprodukte,747,2018-04-02,"990,00"
Naturprodukte,748,2018-04-02,"1060,00"
Milchprodukte,748,2018-04-02,"136,00"
Getreideprodukte,749,2018-04-02,"560,00"
Milchprodukte,750,2018-04-04,"1600,00"
Meeresfrüchte,750,2018-04-04,"240,00"
Getreideprodukte,750,2018-04-04,"140,00"
Getränke,751,2018-04-04,"54,00"
Gewürze,751,2018-04-04,"199,50"
Naturprodukte,751,2018-04-04,"200,00"
Getränke,751,2018-04-04,"232,50"
Meeresfrüchte,752,2018-04-04,"193,00"
Naturprodukte,752,2018-04-04,"795,00"
Gewürze,752,2018-04-04,"273,00"
Gewürze,753,2018-04-06,"550,00"
Getränke,753,2018-04-06,"135,00"
Gewürze,753,2018-04-06,"390,00"
Naturprodukte,754,2018-04-06,"1800,00"
Getreideprodukte,754,2018-04-06,"525,00"
Meeresfrüchte,754,2018-04-06,"300,00"
Fleischprodukte,754,2018-04-06,"144,00"
Meeresfrüchte,755,2018-04-06,"336,00"
Getränke,755,2018-04-06,"270,00"
Getreideprodukte,755,2018-04-06,"336,00"
Fleischprodukte,755,2018-04-06,"960,00"
Getränke,756,2018-04-06,"72,00"
Meeresfrüchte,756,2018-04-06,"184,00"
Getreideprodukte,756,2018-04-06,"70,00"
Süßwaren,757,2018-04-07,"187,38"
Getränke,757,2018-04-07,"108,00"
Getränke,758,2018-04-07,"36,00"
Milchprodukte,758,2018-04-07,"550,00"
Getränke,759,2018-04-07,"144,00"
Fleischprodukte,759,2018-04-07,"247,58"
Gewürze,760,2018-04-08,"1200,00"
Fleischprodukte,760,2018-04-08,"1237,90"
Getreideprodukte,760,2018-04-08,"196,00"
Naturprodukte,761,2018-04-08,"3192,00"
Getränke,761,2018-04-08,"1260,00"
Milchprodukte,761,2018-04-08,"451,50"
Getränke,762,2018-04-08,"54,00"
Meeresfrüchte,762,2018-04-08,"342,00"
Milchprodukte,762,2018-04-08,"306,00"
Naturprodukte,763,2018-04-09,"600,00"
Getränke,763,2018-04-09,"45,00"
Meeresfrüchte,764,2018-04-09,"530,00"
Milchprodukte,764,2018-04-09,"430,00"
Süßwaren,765,2018-04-09,"460,00"
Milchprodukte,765,2018-04-09,"1224,00"
Milchprodukte,765,2018-04-09,"1290,00"
Getreideprodukte,766,2018-04-09,"90,00"
Getreideprodukte,766,2018-04-09,"56,00"
Meeresfrüchte,766,2018-04-09,"190,00"
Süßwaren,766,2018-04-09,"25,00"
Meeresfrüchte,767,2018-04-11,"270,20"
Meeresfrüchte,768,2018-04-11,"388,35"
Gewürze,768,2018-04-11,"234,00"
Milchprodukte,769,2018-04-11,"187,50"
Meeresfrüchte,769,2018-04-11,"304,00"
Gewürze,770,2018-04-13,"250,00"
Milchprodukte,770,2018-04-13,"6050,00"
Getränke,770,2018-04-13,"450,00"
Milchprodukte,771,2018-04-13,"760,00"
Meeresfrüchte,771,2018-04-13,"625,00"
Getreideprodukte,771,2018-04-13,"190,00"
Meeresfrüchte,772,2018-04-13,"36,00"
Süßwaren,772,2018-04-13,"40,00"
Meeresfrüchte,773,2018-04-14,"744,00"
Getränke,774,2018-04-14,"209,00"
Süßwaren,774,2018-04-14,"1215,00"
Süßwaren,774,2018-04-14,"1967,49"
Naturprodukte,774,2018-04-14,"2332,00"
Milchprodukte,774,2018-04-14,"1218,00"
Süßwaren,775,2018-04-14,"322,00"
Milchprodukte,775,2018-04-14,"1080,00"
Naturprodukte,776,2018-04-14,"120,00"
Getränke,776,2018-04-14,"1380,00"
Süßwaren,777,2018-04-15,"374,76"
Milchprodukte,777,2018-04-15,"75,00"
Gewürze,777,2018-04-15,"442,05"
Milchprodukte,777,2018-04-15,"1075,00"
Getränke,778,2018-04-15,"180,00"
Meeresfrüchte,778,2018-04-15,"120,00"
Meeresfrüchte,779,2018-04-15,"500,00"
Naturprodukte,779,2018-04-15,"530,00"
Getränke,780,2018-04-16,"135,00"
Süßwaren,780,2018-04-16,"1035,30"
Fleischprodukte,781,2018-04-16,"840,00"
Milchprodukte,781,2018-04-16,"1320,00"
Getreideprodukte,782,2018-04-16,"760,00"
Gewürze,782,2018-04-16,"526,80"
Getränke,783,2018-04-18,"1900,00"
Gewürze,783,2018-04-18,"1494,50"
Fleischprodukte,783,2018-04-18,"7427,40"
Milchprodukte,783,2018-04-18,"5500,00"
Getränke,784,2018-04-18,"810,00"
Meeresfrüchte,784,2018-04-18,"480,00"
Getränke,784,2018-04-18,"94,50"
Getreideprodukte,784,2018-04-18,"665,00"
Milchprodukte,784,2018-04-18,"344,00"
Meeresfrüchte,785,2018-04-18,"665,00"
Getränke,785,2018-04-18,"6587,50"
Milchprodukte,785,2018-04-18,"1650,00"
Fleischprodukte,786,2018-04-18,"2296,00"
Milchprodukte,786,2018-04-18,"1296,00"
Süßwaren,787,2018-04-20,"150,00"
Gewürze,787,2018-04-20,"233,40"
Gewürze,787,2018-04-20,"171,00"
Getränke,788,2018-04-20,"180,00"
Getränke,788,2018-04-20,"1080,00"
Getreideprodukte,788,2018-04-20,"420,00"
Fleischprodukte,788,2018-04-20,"74,50"
Meeresfrüchte,789,2018-04-20,"42,00"
Milchprodukte,789,2018-04-20,"1650,00"
Getränke,790,2018-04-21,"60,00"
Meeresfrüchte,791,2018-04-21,"92,00"
Getreideprodukte,791,2018-04-21,"14,00"
Milchprodukte,791,2018-04-21,"645,00"
Naturprodukte,792,2018-04-21,"912,00"
Getränke,792,2018-04-21,"432,00"
Süßwaren,792,2018-04-21,"1200,00"
Getreideprodukte,792,2018-04-21,"546,00"
Süßwaren,793,2018-04-22,"200,00"
Getränke,794,2018-04-22,"570,00"
Gewürze,794,2018-04-22,"1317,00"
Gewürze,795,2018-04-22,"291,75"
Gewürze,795,2018-04-22,"114,00"
Milchprodukte,796,2018-04-22,"210,00"
Süßwaren,797,2018-04-23,"591,60"
Milchprodukte,798,2018-04-23,"37,50"
Naturprodukte,798,2018-04-23,"1272,00"
Milchprodukte,799,2018-04-23,"760,00"
Milchprodukte,799,2018-04-23,"480,00"
Getränke,799,2018-04-23,"324,00"
Getränke,800,2018-04-25,"450,00"
Gewürze,800,2018-04-25,"640,50"
Süßwaren,801,2018-04-25,"525,00"
Getränke,802,2018-04-25,"190,00"
Milchprodukte,802,2018-04-25,"152,00"
Getränke,803,2018-04-27,"900,00"
Getränke,804,2018-04-27,"45,00"
Getränke,805,2018-04-27,"1380,00"
Gewürze,805,2018-04-27,"285,00"
Meeresfrüchte,806,2018-04-27,"2187,50"
Milchprodukte,806,2018-04-27,"640,00"
Getreideprodukte,806,2018-04-27,"831,25"
Milchprodukte,807,2018-04-28,"25,00"
Getränke,807,2018-04-28,"280,00"
Getränke,808,2018-04-28,"67,50"
Süßwaren,808,2018-04-28,"210,00"
Naturprodukte,808,2018-04-28,"1060,00"
Getreideprodukte,808,2018-04-28,"390,00"
Naturprodukte,809,2018-04-28,"1200,00"
Fleischprodukte,809,2018-04-28,"840,00"
Milchprodukte,809,2018-04-28,"1700,00"
Getränke,810,2018-04-29,"45,00"
Süßwaren,811,2018-04-29,"30,00"
Milchprodukte,811,2018-04-29,"714,00"
Gewürze,811,2018-04-29,"114,00"
Meeresfrüchte,812,2018-04-29,"180,00"
Fleischprodukte,812,2018-04-29,"468,00"
Milchprodukte,812,2018-04-29,"1190,00"
Milchprodukte,813,2018-04-30,"136,00"
Gewürze,813,2018-04-30,"130,00"
Milchprodukte,814,2018-04-30,"510,00"
Fleischprodukte,815,2018-04-30,"328,00"
Getränke,815,2018-04-30,"180,00"
Getränke,816,2018-04-30,"420,00"
Meeresfrüchte,816,2018-04-30,"736,00"
Meeresfrüchte,816,2018-04-30,"289,50"
Fleischprodukte,817,2018-05-02,"3003,00"
Meeresfrüchte,817,2018-05-02,"115,80"
Fleischprodukte,817,2018-05-02,"820,00"
Fleischprodukte,817,2018-05-02,"96,00"
Süßwaren,817,2018-05-02,"687,50"
Meeresfrüchte,818,2018-05-02,"103,56"
Fleischprodukte,818,2018-05-02,"149,00"
Süßwaren,819,2018-05-02,"52,35"
Süßwaren,819,2018-05-02,"386,40"
Getränke,819,2018-05-02,"490,00"
Meeresfrüchte,820,2018-05-04,"86,85"
Naturprodukte,821,2018-05-04,"364,80"
Getränke,821,2018-05-04,"1656,00"
Gewürze,821,2018-05-04,"364,00"
Getränke,822,2018-05-04,"360,00"
Getränke,823,2018-05-05,"720,00"
Getränke,823,2018-05-05,"380,00"
Süßwaren,823,2018-05-05,"523,50"
Milchprodukte,823,2018-05-05,"250,00"
Naturprodukte,824,2018-05-05,"450,00"
Meeresfrüchte,824,2018-05-05,"60,00"
Getränke,825,2018-05-05,"152,00"
Meeresfrüchte,825,2018-05-05,"386,00"
Süßwaren,825,2018-05-05,"357,50"
Getreideprodukte,825,2018-05-05,"4322,50"
Milchprodukte,826,2018-05-05,"210,00"
Getränke,826,2018-05-05,"90,00"
Süßwaren,827,2018-05-06,"244,30"
Getränke,828,2018-05-06,"190,00"
Meeresfrüchte,828,2018-05-06,"360,00"
Getränke,828,2018-05-06,"36,00"
Gewürze,829,2018-05-06,"500,00"
Naturprodukte,829,2018-05-06,"465,00"
Süßwaren,829,2018-05-06,"92,00"
Getränke,830,2018-05-06,"456,00"
Gewürze,830,2018-05-06,"40,00"
Gewürze,830,2018-05-06,"22,00"
Gewürze,830,2018-05-06,"25,00"
Naturprodukte,830,2018-05-06,"30,00"
Gewürze,830,2018-05-06,"80,00"
Meeresfrüchte,830,2018-05-06,"31,00"
Milchprodukte,830,2018-05-06,"76,00"
Meeresfrüchte,830,2018-05-06,"24,00"
Naturprodukte,830,2018-05-06,"23,25"
Süßwaren,830,2018-05-06,"34,90"
Süßwaren,830,2018-05-06,"81,00"
Getreideprodukte,830,2018-05-06,"18,00"
Milchprodukte,830,2018-05-06,"32,00"
Getränke,830,2018-05-06,"36,00"
Meeresfrüchte,830,2018-05-06,"28,95"
Meeresfrüchte,830,2018-05-06,"36,00"
Getreideprodukte,830,2018-05-06,"14,00"
Fleischprodukte,830,2018-05-06,"48,00"
Milchprodukte,830,2018-05-06,"68,00"
Getreideprodukte,830,2018-05-06,"66,50"
Gewürze,830,2018-05-06,"17,00"
Meeresfrüchte,830,2018-05-06,"30,00"
Getränke,830,2018-05-06,"31,00"
Gewürze,830,2018-05-06,"52,00"
Getränke,831,2018-06-24,"228,00"
Milchprodukte,831,2018-06-24,"136,00"
Getränke,832,2018-06-27,"0,00"
Getränke,832,2018-06-27,"0,00"
Naturprodukte,833,2018-12-17,"230,00"
Meeresfrüchte,833,2018-12-17,"190,00"
Gewürze,834,2019-01-15,"2242,00"
Naturprodukte,834,2019-01-15,"230,00"
Getreideprodukte,834,2019-01-15,"90,00"
Getreideprodukte,835,2019-01-21,"90,00"
Getränke,835,2019-01-21,"189,00"
Meeresfrüchte,836,2020-02-28,"517,80"
Meeresfrüchte,836,2020-02-28,"2600,00"
